timestamp,pir1,pir2,ultra1_dist,ultra2_dist,ultra1_detect,ultra2_detect,status,pir1_missing,pir2_missing,ultra1_missing,ultra2_missing,imputed,hour,minute,day_of_week,day_name,date,status_kor
2026-08-03 01:25:00,0.0,0.0,151.42,149.88,none,none,Not crowded,False,False,False,False,False,1,25,0,Monday,2026-08-03,여유
2026-08-03 01:30:00,0.0,0.0,135.87,140.51,none,none,Not crowded,False,False,False,False,False,1,30,0,Monday,2026-08-03,여유
2026-08-03 01:35:00,0.0,0.0,139.21,130.59,none,none,Not crowded,False,False,False,False,False,1,35,0,Monday,2026-08-03,여유
2026-08-03 01:40:00,0.0,0.0,150.35,148.61,none,none,Not crowded,False,False,False,False,False,1,40,0,Monday,2026-08-03,여유
2026-08-03 01:45:00,0.0,0.0,149.15,151.99,none,none,Not crowded,False,False,False,False,False,1,45,0,Monday,2026-08-03,여유
2026-08-03 01:50:00,0.0,0.0,151.14,146.18,none,none,Not crowded,False,False,False,False,False,1,50,0,Monday,2026-08-03,여유
2026-08-03 01:55:00,0.0,0.0,150.31,156.43,none,none,Not crowded,False,False,False,False,False,1,55,0,Monday,2026-08-03,여유
2026-08-03 02:00:00,0.0,0.0,150.85,134.24,none,none,Not crowded,False,False,False,False,False,2,0,0,Monday,2026-08-03,여유
2026-08-03 02:05:00,0.0,0.0,159.96,157.17,none,none,Not crowded,False,False,False,False,False,2,5,0,Monday,2026-08-03,여유
2026-08-03 02:10:00,0.0,0.0,142.04,147.77,none,none,Not crowded,False,False,False,False,False,2,10,0,Monday,2026-08-03,여유
2026-08-03 02:15:00,0.0,0.0,148.29,155.89,none,none,Not crowded,False,False,False,False,False,2,15,0,Monday,2026-08-03,여유
2026-08-03 02:20:00,0.0,0.0,143.95,148.04,none,none,Not crowded,False,False,False,False,False,2,20,0,Monday,2026-08-03,여유
2026-08-03 02:25:00,0.0,0.0,152.7,153.9,none,none,Not crowded,False,False,False,False,False,2,25,0,Monday,2026-08-03,여유
2026-08-03 02:30:00,0.0,0.0,135.06,151.76,none,none,Not crowded,False,False,False,False,False,2,30,0,Monday,2026-08-03,여유
2026-08-03 02:35:00,0.0,0.0,141.28,140.38,none,none,Not crowded,False,False,False,False,False,2,35,0,Monday,2026-08-03,여유
2026-08-03 02:40:00,0.0,0.0,147.87,159.81,none,none,Not crowded,False,False,False,False,False,2,40,0,Monday,2026-08-03,여유
2026-08-03 02:45:00,0.0,0.0,134.07,134.26,none,none,Not crowded,False,False,False,False,False,2,45,0,Monday,2026-08-03,여유
2026-08-03 02:50:00,0.0,0.0,158.44,133.74,none,none,Not crowded,False,False,False,False,False,2,50,0,Monday,2026-08-03,여유
2026-08-03 02:55:00,0.0,0.0,134.78,148.51,none,none,Not crowded,False,False,False,False,False,2,55,0,Monday,2026-08-03,여유
2026-08-03 03:00:00,0.0,0.0,136.26,145.84,none,none,Not crowded,False,False,False,False,False,3,0,0,Monday,2026-08-03,여유
2026-08-03 03:05:00,0.0,0.0,155.21,133.99,none,none,Not crowded,False,False,False,False,False,3,5,0,Monday,2026-08-03,여유
2026-08-03 03:10:00,0.0,0.0,150.05,140.97,none,none,Not crowded,False,False,False,False,False,3,10,0,Monday,2026-08-03,여유
2026-08-03 03:15:00,0.0,0.0,153.43,148.85,none,none,Not crowded,False,False,False,False,False,3,15,0,Monday,2026-08-03,여유
2026-08-03 03:20:00,0.0,0.0,145.8,145.02,none,none,Not crowded,False,False,False,False,False,3,20,0,Monday,2026-08-03,여유
2026-08-03 03:25:00,0.0,0.0,158.8,150.09,none,none,Not crowded,False,False,False,False,False,3,25,0,Monday,2026-08-03,여유
2026-08-03 03:30:00,0.0,0.0,152.87,148.16,none,none,Not crowded,False,False,False,False,False,3,30,0,Monday,2026-08-03,여유
2026-08-03 03:35:00,0.0,0.0,152.24,131.05,none,none,Not crowded,False,False,False,False,False,3,35,0,Monday,2026-08-03,여유
2026-08-03 03:40:00,0.0,0.0,138.88,143.09,none,none,Not crowded,False,False,False,False,False,3,40,0,Monday,2026-08-03,여유
2026-08-03 03:45:00,0.0,0.0,144.08,159.49,none,none,Not crowded,False,False,False,False,False,3,45,0,Monday,2026-08-03,여유
2026-08-03 03:50:00,0.0,0.0,148.42,157.97,none,none,Not crowded,False,False,False,False,False,3,50,0,Monday,2026-08-03,여유
2026-08-03 03:55:00,0.0,0.0,138.47,146.44,none,none,Not crowded,False,False,False,False,False,3,55,0,Monday,2026-08-03,여유
2026-08-03 04:00:00,0.0,0.0,152.4,139.77,none,none,Not crowded,False,False,False,False,False,4,0,0,Monday,2026-08-03,여유
2026-08-03 04:05:00,0.0,0.0,137.48,141.59,none,none,Not crowded,False,False,False,False,False,4,5,0,Monday,2026-08-03,여유
2026-08-03 04:10:00,0.0,0.0,155.97,154.41,none,none,Not crowded,False,False,False,False,False,4,10,0,Monday,2026-08-03,여유
2026-08-03 04:15:00,0.0,0.0,144.43,152.82,none,none,Not crowded,False,False,False,False,False,4,15,0,Monday,2026-08-03,여유
2026-08-03 04:20:00,0.0,0.0,149.47,151.26,none,none,Not crowded,False,False,False,False,False,4,20,0,Monday,2026-08-03,여유
2026-08-03 04:25:00,0.0,0.0,153.59,156.13,none,none,Not crowded,False,False,False,False,False,4,25,0,Monday,2026-08-03,여유
2026-08-03 04:30:00,0.0,0.0,145.31,155.61,none,none,Not crowded,False,False,False,False,False,4,30,0,Monday,2026-08-03,여유
2026-08-03 04:35:00,0.0,0.0,138.94,158.58,none,none,Not crowded,False,False,False,False,False,4,35,0,Monday,2026-08-03,여유
2026-08-03 04:40:00,0.0,0.0,157.38,151.21,none,none,Not crowded,False,False,False,False,False,4,40,0,Monday,2026-08-03,여유
2026-08-03 04:45:00,0.0,0.0,133.36,142.42,none,none,Not crowded,False,False,False,False,False,4,45,0,Monday,2026-08-03,여유
2026-08-03 04:50:00,0.0,0.0,137.68,140.24,none,none,Not crowded,False,False,False,False,False,4,50,0,Monday,2026-08-03,여유
2026-08-03 04:55:00,0.0,0.0,138.85,148.95,none,none,Not crowded,False,False,False,False,False,4,55,0,Monday,2026-08-03,여유
2026-08-03 05:00:00,0.0,0.0,158.56,151.04,none,none,Not crowded,False,False,False,False,False,5,0,0,Monday,2026-08-03,여유
2026-08-03 05:05:00,0.0,0.0,156.2,138.62,none,none,Not crowded,False,False,False,False,False,5,5,0,Monday,2026-08-03,여유
2026-08-03 05:10:00,0.0,0.0,159.24,138.13,none,none,Not crowded,False,False,False,False,False,5,10,0,Monday,2026-08-03,여유
2026-08-03 05:15:00,0.0,0.0,149.67,138.47,none,none,Not crowded,False,False,False,False,False,5,15,0,Monday,2026-08-03,여유
2026-08-03 05:20:00,0.0,0.0,136.03,137.01,none,none,Not crowded,False,False,False,False,False,5,20,0,Monday,2026-08-03,여유
2026-08-03 05:25:00,0.0,0.0,148.89,139.77,none,none,Not crowded,False,False,False,False,False,5,25,0,Monday,2026-08-03,여유
2026-08-03 05:30:00,0.0,0.0,158.08,144.55,none,none,Not crowded,False,False,False,False,False,5,30,0,Monday,2026-08-03,여유
2026-08-03 05:35:00,0.0,0.0,138.24,150.55,none,none,Not crowded,False,False,False,False,False,5,35,0,Monday,2026-08-03,여유
2026-08-03 05:40:00,0.0,0.0,151.44,136.63,none,none,Not crowded,False,False,False,False,False,5,40,0,Monday,2026-08-03,여유
2026-08-03 05:45:00,0.0,0.0,144.93,130.29,none,none,Not crowded,False,False,False,False,False,5,45,0,Monday,2026-08-03,여유
2026-08-03 05:50:00,0.0,0.0,158.88,158.02,none,none,Not crowded,False,False,False,False,False,5,50,0,Monday,2026-08-03,여유
2026-08-03 05:55:00,0.0,0.0,156.64,137.67,none,none,Not crowded,False,False,False,False,False,5,55,0,Monday,2026-08-03,여유
2026-08-03 06:00:00,0.0,0.0,140.89,147.77,none,none,Not crowded,False,False,False,False,False,6,0,0,Monday,2026-08-03,여유
2026-08-03 06:05:00,0.0,0.0,136.47,143.76,none,none,Not crowded,False,False,False,False,False,6,5,0,Monday,2026-08-03,여유
2026-08-03 06:10:00,0.0,0.0,159.08,156.91,none,none,Not crowded,False,False,False,False,False,6,10,0,Monday,2026-08-03,여유
2026-08-03 06:15:00,0.0,0.0,146.89,154.67,none,none,Not crowded,False,False,False,False,False,6,15,0,Monday,2026-08-03,여유
2026-08-03 06:20:00,0.0,0.0,135.67,151.3,none,none,Not crowded,False,False,False,False,False,6,20,0,Monday,2026-08-03,여유
2026-08-03 06:25:00,0.0,0.0,145.68,140.55,none,none,Not crowded,False,False,False,False,False,6,25,0,Monday,2026-08-03,여유
2026-08-03 06:30:00,0.0,0.0,152.09,131.72,none,none,Not crowded,False,False,False,False,False,6,30,0,Monday,2026-08-03,여유
2026-08-03 06:35:00,0.0,0.0,133.64,136.0,none,none,Not crowded,False,False,False,False,False,6,35,0,Monday,2026-08-03,여유
2026-08-03 06:40:00,0.0,0.0,135.63,143.22,none,none,Not crowded,False,False,False,False,False,6,40,0,Monday,2026-08-03,여유
2026-08-03 06:45:00,0.0,0.0,131.68,151.46,none,none,Not crowded,False,False,False,False,False,6,45,0,Monday,2026-08-03,여유
2026-08-03 06:50:00,0.0,0.0,151.41,137.81,none,none,Not crowded,False,False,False,False,False,6,50,0,Monday,2026-08-03,여유
2026-08-03 06:55:00,0.0,0.0,144.31,156.99,none,none,Not crowded,False,False,False,False,False,6,55,0,Monday,2026-08-03,여유
2026-08-03 07:00:00,0.0,0.0,132.77,143.66,none,none,Not crowded,False,False,False,False,False,7,0,0,Monday,2026-08-03,여유
2026-08-03 07:05:00,0.0,0.0,139.03,130.48,none,none,Not crowded,False,False,False,False,False,7,5,0,Monday,2026-08-03,여유
2026-08-03 07:10:00,0.0,0.0,130.77,159.9,none,none,Not crowded,False,False,False,False,False,7,10,0,Monday,2026-08-03,여유
2026-08-03 07:15:00,0.0,0.0,158.25,142.15,none,none,Not crowded,False,False,False,False,False,7,15,0,Monday,2026-08-03,여유
2026-08-03 07:20:00,0.0,0.0,143.07,158.01,none,none,Not crowded,False,False,False,False,False,7,20,0,Monday,2026-08-03,여유
2026-08-03 07:25:00,0.0,0.0,159.88,137.47,none,none,Not crowded,False,False,False,False,False,7,25,0,Monday,2026-08-03,여유
2026-08-03 07:30:00,0.0,0.0,144.71,130.7,none,none,Not crowded,False,False,False,False,False,7,30,0,Monday,2026-08-03,여유
2026-08-03 07:35:00,0.0,0.0,132.4,133.11,none,none,Not crowded,False,False,False,False,False,7,35,0,Monday,2026-08-03,여유
2026-08-03 07:40:00,0.0,0.0,131.01,146.89,none,none,Not crowded,False,False,False,False,False,7,40,0,Monday,2026-08-03,여유
2026-08-03 07:45:00,0.0,0.0,156.96,151.08,none,none,Not crowded,False,False,False,False,False,7,45,0,Monday,2026-08-03,여유
2026-08-03 07:50:00,0.0,0.0,147.96,156.94,none,none,Not crowded,False,False,False,False,False,7,50,0,Monday,2026-08-03,여유
2026-08-03 07:55:00,0.0,0.0,148.94,153.32,none,none,Not crowded,False,False,False,False,False,7,55,0,Monday,2026-08-03,여유
2026-08-03 08:00:00,0.0,0.0,130.92,136.05,none,none,Not crowded,False,False,False,False,False,8,0,0,Monday,2026-08-03,여유
2026-08-03 08:05:00,0.0,0.0,156.56,154.52,none,none,Not crowded,False,False,False,False,False,8,5,0,Monday,2026-08-03,여유
2026-08-03 08:10:00,0.0,0.0,139.19,130.59,none,none,Not crowded,False,False,False,False,False,8,10,0,Monday,2026-08-03,여유
2026-08-03 08:15:00,0.0,0.0,155.32,138.79,none,none,Not crowded,False,False,False,False,False,8,15,0,Monday,2026-08-03,여유
2026-08-03 08:20:00,0.0,0.0,137.15,131.79,none,none,Not crowded,False,False,False,False,False,8,20,0,Monday,2026-08-03,여유
2026-08-03 08:25:00,0.0,0.0,141.09,131.69,none,none,Not crowded,False,False,False,False,False,8,25,0,Monday,2026-08-03,여유
2026-08-03 08:30:00,1.0,0.0,61.87,47.73,detect,detect,Normal,False,False,False,False,False,8,30,0,Monday,2026-08-03,보통
2026-08-03 08:35:00,1.0,0.0,51.4,42.93,detect,detect,Normal,False,False,False,False,False,8,35,0,Monday,2026-08-03,보통
2026-08-03 08:40:00,1.0,1.0,6.49,17.42,detect,detect,Crowded,False,False,False,False,False,8,40,0,Monday,2026-08-03,혼잡
2026-08-03 08:45:00,1.0,1.0,17.2,12.53,detect,detect,Crowded,False,False,False,False,False,8,45,0,Monday,2026-08-03,혼잡
2026-08-03 08:50:00,1.0,1.0,7.61,13.75,detect,detect,Crowded,False,False,False,False,False,8,50,0,Monday,2026-08-03,혼잡
2026-08-03 08:55:00,1.0,1.0,11.04,9.49,detect,detect,Crowded,False,False,False,False,False,8,55,0,Monday,2026-08-03,혼잡
2026-08-03 09:00:00,1.0,0.0,55.11,57.02,detect,detect,Normal,False,False,False,False,False,9,0,0,Monday,2026-08-03,보통
2026-08-03 09:05:00,1.0,1.0,40.02,54.7,detect,detect,Normal,False,False,False,False,False,9,5,0,Monday,2026-08-03,보통
2026-08-03 09:10:00,0.0,0.0,146.35,150.32,none,none,Not crowded,False,False,False,False,False,9,10,0,Monday,2026-08-03,여유
2026-08-03 09:15:00,0.0,0.0,155.49,138.92,none,none,Not crowded,False,False,False,False,False,9,15,0,Monday,2026-08-03,여유
2026-08-03 09:20:00,0.0,0.0,136.35,158.98,none,none,Not crowded,False,False,False,False,False,9,20,0,Monday,2026-08-03,여유
2026-08-03 09:25:00,0.0,0.0,152.73,144.84,none,none,Not crowded,False,False,False,False,False,9,25,0,Monday,2026-08-03,여유
2026-08-03 09:30:00,0.0,0.0,152.39,140.2,none,none,Not crowded,False,False,False,False,False,9,30,0,Monday,2026-08-03,여유
2026-08-03 09:35:00,0.0,0.0,154.93,150.4,none,none,Not crowded,False,False,False,False,False,9,35,0,Monday,2026-08-03,여유
2026-08-03 09:40:00,0.0,0.0,148.13,159.81,none,none,Not crowded,False,False,False,False,False,9,40,0,Monday,2026-08-03,여유
2026-08-03 09:45:00,0.0,0.0,150.7,142.77,none,none,Not crowded,False,False,False,False,False,9,45,0,Monday,2026-08-03,여유
2026-08-03 09:50:00,0.0,0.0,152.01,144.86,none,none,Not crowded,False,False,False,False,False,9,50,0,Monday,2026-08-03,여유
2026-08-03 09:55:00,0.0,0.0,134.74,145.34,none,none,Not crowded,False,False,False,False,False,9,55,0,Monday,2026-08-03,여유
2026-08-03 10:00:00,0.0,0.0,142.0,158.76,none,none,Not crowded,False,False,False,False,False,10,0,0,Monday,2026-08-03,여유
2026-08-03 10:05:00,0.0,0.0,134.14,147.31,none,none,Not crowded,False,False,False,False,False,10,5,0,Monday,2026-08-03,여유
2026-08-03 10:10:00,0.0,0.0,139.0,153.18,none,none,Not crowded,False,False,False,False,False,10,10,0,Monday,2026-08-03,여유
2026-08-03 10:15:00,0.0,0.0,134.6,150.65,none,none,Not crowded,False,False,False,False,False,10,15,0,Monday,2026-08-03,여유
2026-08-03 10:20:00,0.0,0.0,148.26,150.27,none,none,Not crowded,False,False,False,False,False,10,20,0,Monday,2026-08-03,여유
2026-08-03 10:25:00,0.0,0.0,143.35,136.73,none,none,Not crowded,False,False,False,False,False,10,25,0,Monday,2026-08-03,여유
2026-08-03 10:30:00,0.0,0.0,141.75,156.83,none,none,Not crowded,False,False,False,False,False,10,30,0,Monday,2026-08-03,여유
2026-08-03 10:35:00,0.0,0.0,150.18,154.43,none,none,Not crowded,False,False,False,False,False,10,35,0,Monday,2026-08-03,여유
2026-08-03 10:40:00,0.0,0.0,153.5,140.77,none,none,Not crowded,False,False,False,False,False,10,40,0,Monday,2026-08-03,여유
2026-08-03 10:45:00,0.0,0.0,155.61,158.5,none,none,Not crowded,False,False,False,False,False,10,45,0,Monday,2026-08-03,여유
2026-08-03 10:50:00,0.0,0.0,155.49,142.58,none,none,Not crowded,False,False,False,False,False,10,50,0,Monday,2026-08-03,여유
2026-08-03 10:55:00,0.0,0.0,136.8,145.1,none,none,Not crowded,False,False,False,False,False,10,55,0,Monday,2026-08-03,여유
2026-08-03 11:00:00,0.0,0.0,158.22,151.35,none,none,Not crowded,False,False,False,False,False,11,0,0,Monday,2026-08-03,여유
2026-08-03 11:05:00,0.0,0.0,154.93,132.3,none,none,Not crowded,False,False,False,False,False,11,5,0,Monday,2026-08-03,여유
2026-08-03 11:10:00,0.0,0.0,150.97,156.73,none,none,Not crowded,False,False,False,False,False,11,10,0,Monday,2026-08-03,여유
2026-08-03 11:15:00,0.0,0.0,136.87,144.59,none,none,Not crowded,False,False,False,False,False,11,15,0,Monday,2026-08-03,여유
2026-08-03 11:20:00,0.0,0.0,141.73,154.58,none,none,Not crowded,False,False,False,False,False,11,20,0,Monday,2026-08-03,여유
2026-08-03 11:25:00,0.0,0.0,139.52,150.24,none,none,Not crowded,False,False,False,False,False,11,25,0,Monday,2026-08-03,여유
2026-08-03 11:30:00,1.0,0.0,49.41,42.81,detect,detect,Normal,False,False,False,False,False,11,30,0,Monday,2026-08-03,보통
2026-08-03 11:35:00,1.0,1.0,42.4,67.11,detect,detect,Normal,False,False,False,False,False,11,35,0,Monday,2026-08-03,보통
2026-08-03 11:40:00,1.0,1.0,7.28,12.93,detect,detect,Crowded,False,False,False,False,False,11,40,0,Monday,2026-08-03,혼잡
2026-08-03 11:45:00,1.0,1.0,14.22,13.68,detect,detect,Crowded,False,False,False,False,False,11,45,0,Monday,2026-08-03,혼잡
2026-08-03 11:50:00,1.0,1.0,16.89,9.85,detect,detect,Crowded,False,False,False,False,False,11,50,0,Monday,2026-08-03,혼잡
2026-08-03 11:55:00,1.0,1.0,15.67,10.26,detect,detect,Crowded,False,False,False,False,False,11,55,0,Monday,2026-08-03,혼잡
2026-08-03 12:00:00,1.0,1.0,46.03,71.52,detect,detect,Normal,False,False,False,False,False,12,0,0,Monday,2026-08-03,보통
2026-08-03 12:05:00,1.0,1.0,82.16,57.56,detect,detect,Normal,False,False,False,False,False,12,5,0,Monday,2026-08-03,보통
2026-08-03 12:10:00,0.0,0.0,156.63,150.92,none,none,Not crowded,False,False,False,False,False,12,10,0,Monday,2026-08-03,여유
2026-08-03 12:15:00,0.0,0.0,142.15,147.78,none,none,Not crowded,False,False,False,False,False,12,15,0,Monday,2026-08-03,여유
2026-08-03 12:20:00,0.0,0.0,141.28,158.0,none,none,Not crowded,False,False,False,False,False,12,20,0,Monday,2026-08-03,여유
2026-08-03 12:25:00,0.0,0.0,141.89,139.76,none,none,Not crowded,False,False,False,False,False,12,25,0,Monday,2026-08-03,여유
2026-08-03 12:30:00,0.0,0.0,141.33,153.31,none,none,Not crowded,False,False,False,False,False,12,30,0,Monday,2026-08-03,여유
2026-08-03 12:35:00,0.0,0.0,141.8,139.96,none,none,Not crowded,False,False,False,False,False,12,35,0,Monday,2026-08-03,여유
2026-08-03 12:40:00,0.0,0.0,155.27,145.11,none,none,Not crowded,False,False,False,False,False,12,40,0,Monday,2026-08-03,여유
2026-08-03 12:45:00,0.0,0.0,152.58,150.26,none,none,Not crowded,False,False,False,False,False,12,45,0,Monday,2026-08-03,여유
2026-08-03 12:50:00,0.0,0.0,135.41,158.24,none,none,Not crowded,False,False,False,False,False,12,50,0,Monday,2026-08-03,여유
2026-08-03 12:55:00,0.0,0.0,131.83,135.24,none,none,Not crowded,False,False,False,False,False,12,55,0,Monday,2026-08-03,여유
2026-08-03 13:00:00,0.0,0.0,132.75,153.26,none,none,Not crowded,False,False,False,False,False,13,0,0,Monday,2026-08-03,여유
2026-08-03 13:05:00,0.0,0.0,144.77,143.1,none,none,Not crowded,False,False,False,False,False,13,5,0,Monday,2026-08-03,여유
2026-08-03 13:10:00,0.0,0.0,136.21,157.01,none,none,Not crowded,False,False,False,False,False,13,10,0,Monday,2026-08-03,여유
2026-08-03 13:15:00,0.0,0.0,141.3,150.52,none,none,Not crowded,False,False,False,False,False,13,15,0,Monday,2026-08-03,여유
2026-08-03 13:20:00,0.0,0.0,153.75,158.15,none,none,Not crowded,False,False,False,False,False,13,20,0,Monday,2026-08-03,여유
2026-08-03 13:25:00,0.0,0.0,135.0,146.9,none,none,Not crowded,False,False,False,False,False,13,25,0,Monday,2026-08-03,여유
2026-08-03 13:30:00,0.0,0.0,137.42,143.08,none,none,Not crowded,False,False,False,False,False,13,30,0,Monday,2026-08-03,여유
2026-08-03 13:35:00,0.0,0.0,132.57,148.1,none,none,Not crowded,False,False,False,False,False,13,35,0,Monday,2026-08-03,여유
2026-08-03 13:40:00,0.0,0.0,153.45,149.9,none,none,Not crowded,False,False,False,False,False,13,40,0,Monday,2026-08-03,여유
2026-08-03 13:45:00,0.0,0.0,157.42,156.33,none,none,Not crowded,False,False,False,False,False,13,45,0,Monday,2026-08-03,여유
2026-08-03 13:50:00,0.0,0.0,144.9,145.83,none,none,Not crowded,False,False,False,False,False,13,50,0,Monday,2026-08-03,여유
2026-08-03 13:55:00,0.0,0.0,141.74,145.34,none,none,Not crowded,False,False,False,False,False,13,55,0,Monday,2026-08-03,여유
2026-08-03 14:00:00,0.0,0.0,154.88,132.86,none,none,Not crowded,False,False,False,False,False,14,0,0,Monday,2026-08-03,여유
2026-08-03 14:05:00,0.0,0.0,153.76,134.06,none,none,Not crowded,False,False,False,False,False,14,5,0,Monday,2026-08-03,여유
2026-08-03 14:10:00,0.0,0.0,151.45,158.9,none,none,Not crowded,False,False,False,False,False,14,10,0,Monday,2026-08-03,여유
2026-08-03 14:15:00,0.0,0.0,157.55,154.38,none,none,Not crowded,False,False,False,False,False,14,15,0,Monday,2026-08-03,여유
2026-08-03 14:20:00,0.0,0.0,138.04,131.54,none,none,Not crowded,False,False,False,False,False,14,20,0,Monday,2026-08-03,여유
2026-08-03 14:25:00,0.0,0.0,142.44,133.79,none,none,Not crowded,False,False,False,False,False,14,25,0,Monday,2026-08-03,여유
2026-08-03 14:30:00,1.0,1.0,65.59,79.8,detect,detect,Normal,False,False,False,False,False,14,30,0,Monday,2026-08-03,보통
2026-08-03 14:35:00,1.0,1.0,51.25,50.38,detect,detect,Normal,False,False,False,False,False,14,35,0,Monday,2026-08-03,보통
2026-08-03 14:40:00,1.0,1.0,15.31,13.52,detect,detect,Crowded,False,False,False,False,False,14,40,0,Monday,2026-08-03,혼잡
2026-08-03 14:45:00,1.0,1.0,12.0,15.45,detect,detect,Crowded,False,False,False,False,False,14,45,0,Monday,2026-08-03,혼잡
2026-08-03 14:50:00,1.0,1.0,6.16,17.1,detect,detect,Crowded,False,False,False,False,False,14,50,0,Monday,2026-08-03,혼잡
2026-08-03 14:55:00,1.0,1.0,6.46,5.67,detect,detect,Crowded,False,False,False,False,False,14,55,0,Monday,2026-08-03,혼잡
2026-08-03 15:00:00,1.0,1.0,44.15,58.77,detect,detect,Normal,False,False,False,False,False,15,0,0,Monday,2026-08-03,보통
2026-08-03 15:05:00,1.0,1.0,63.6,43.79,detect,detect,Normal,False,False,False,False,False,15,5,0,Monday,2026-08-03,보통
2026-08-03 15:10:00,0.0,0.0,138.51,140.35,none,none,Not crowded,False,False,False,False,False,15,10,0,Monday,2026-08-03,여유
2026-08-03 15:15:00,0.0,0.0,159.35,133.68,none,none,Not crowded,False,False,False,False,False,15,15,0,Monday,2026-08-03,여유
2026-08-03 15:20:00,0.0,0.0,159.24,157.11,none,none,Not crowded,False,False,False,False,False,15,20,0,Monday,2026-08-03,여유
2026-08-03 15:25:00,0.0,0.0,142.23,157.51,none,none,Not crowded,False,False,False,False,False,15,25,0,Monday,2026-08-03,여유
2026-08-03 15:30:00,0.0,0.0,158.45,136.34,none,none,Not crowded,False,False,False,False,False,15,30,0,Monday,2026-08-03,여유
2026-08-03 15:35:00,0.0,0.0,137.02,153.86,none,none,Not crowded,False,False,False,False,False,15,35,0,Monday,2026-08-03,여유
2026-08-03 15:40:00,0.0,0.0,146.43,151.02,none,none,Not crowded,False,False,False,False,False,15,40,0,Monday,2026-08-03,여유
2026-08-03 15:45:00,0.0,0.0,159.83,159.84,none,none,Not crowded,False,False,False,False,False,15,45,0,Monday,2026-08-03,여유
2026-08-03 15:50:00,0.0,0.0,153.51,131.29,none,none,Not crowded,False,False,False,False,False,15,50,0,Monday,2026-08-03,여유
2026-08-03 15:55:00,0.0,0.0,134.42,156.54,none,none,Not crowded,False,False,False,False,False,15,55,0,Monday,2026-08-03,여유
2026-08-03 16:00:00,0.0,0.0,146.17,141.17,none,none,Not crowded,False,False,False,False,False,16,0,0,Monday,2026-08-03,여유
2026-08-03 16:05:00,0.0,0.0,147.74,135.8,none,none,Not crowded,False,False,False,False,False,16,5,0,Monday,2026-08-03,여유
2026-08-03 16:10:00,0.0,0.0,135.55,141.04,none,none,Not crowded,False,False,False,False,False,16,10,0,Monday,2026-08-03,여유
2026-08-03 16:15:00,0.0,0.0,143.0,137.78,none,none,Not crowded,False,False,False,False,False,16,15,0,Monday,2026-08-03,여유
2026-08-03 16:20:00,0.0,0.0,148.05,130.24,none,none,Not crowded,False,False,False,False,False,16,20,0,Monday,2026-08-03,여유
2026-08-03 16:25:00,0.0,0.0,140.92,146.58,none,none,Not crowded,False,False,False,False,False,16,25,0,Monday,2026-08-03,여유
2026-08-03 16:30:00,0.0,0.0,150.12,145.23,none,none,Not crowded,False,False,False,False,False,16,30,0,Monday,2026-08-03,여유
2026-08-03 16:35:00,0.0,0.0,156.96,145.7,none,none,Not crowded,False,False,False,False,False,16,35,0,Monday,2026-08-03,여유
2026-08-03 16:40:00,0.0,0.0,157.03,138.12,none,none,Not crowded,False,False,False,False,False,16,40,0,Monday,2026-08-03,여유
2026-08-03 16:45:00,0.0,0.0,137.23,138.03,none,none,Not crowded,False,False,False,False,False,16,45,0,Monday,2026-08-03,여유
2026-08-03 16:50:00,0.0,0.0,151.66,154.99,none,none,Not crowded,False,False,False,False,False,16,50,0,Monday,2026-08-03,여유
2026-08-03 16:55:00,0.0,0.0,141.47,151.96,none,none,Not crowded,False,False,False,False,False,16,55,0,Monday,2026-08-03,여유
2026-08-03 17:00:00,0.0,0.0,156.91,154.69,none,none,Not crowded,False,False,False,False,False,17,0,0,Monday,2026-08-03,여유
2026-08-03 17:05:00,0.0,0.0,134.63,142.4,none,none,Not crowded,False,False,False,False,False,17,5,0,Monday,2026-08-03,여유
2026-08-03 17:10:00,0.0,0.0,136.42,131.31,none,none,Not crowded,False,False,False,False,False,17,10,0,Monday,2026-08-03,여유
2026-08-03 17:15:00,0.0,0.0,153.05,152.66,none,none,Not crowded,False,False,False,False,False,17,15,0,Monday,2026-08-03,여유
2026-08-03 17:20:00,0.0,0.0,152.78,154.71,none,none,Not crowded,False,False,False,False,False,17,20,0,Monday,2026-08-03,여유
2026-08-03 17:25:00,0.0,0.0,158.54,138.64,none,none,Not crowded,False,False,False,False,False,17,25,0,Monday,2026-08-03,여유
2026-08-03 17:30:00,0.0,0.0,157.76,155.31,none,none,Not crowded,False,False,False,False,False,17,30,0,Monday,2026-08-03,여유
2026-08-03 17:35:00,0.0,0.0,139.02,140.38,none,none,Not crowded,False,False,False,False,False,17,35,0,Monday,2026-08-03,여유
2026-08-03 17:40:00,1.0,0.0,81.82,47.57,detect,detect,Normal,False,False,False,False,False,17,40,0,Monday,2026-08-03,보통
2026-08-03 17:45:00,1.0,1.0,83.07,40.39,detect,detect,Normal,False,False,False,False,False,17,45,0,Monday,2026-08-03,보통
2026-08-03 17:50:00,1.0,1.0,80.02,61.73,detect,detect,Normal,False,False,False,False,False,17,50,0,Monday,2026-08-03,보통
2026-08-03 17:55:00,1.0,1.0,52.2,77.27,detect,detect,Normal,False,False,False,False,False,17,55,0,Monday,2026-08-03,보통
2026-08-03 18:00:00,1.0,1.0,41.88,82.28,detect,detect,Normal,False,False,False,False,False,18,0,0,Monday,2026-08-03,보통
2026-08-03 18:05:00,1.0,1.0,41.61,56.78,detect,detect,Normal,False,False,False,False,False,18,5,0,Monday,2026-08-03,보통
2026-08-03 18:10:00,0.0,0.0,151.18,149.89,none,none,Not crowded,False,False,False,False,False,18,10,0,Monday,2026-08-03,여유
2026-08-03 18:15:00,0.0,0.0,147.88,144.36,none,none,Not crowded,False,False,False,False,False,18,15,0,Monday,2026-08-03,여유
2026-08-03 18:20:00,0.0,0.0,158.19,142.59,none,none,Not crowded,False,False,False,False,False,18,20,0,Monday,2026-08-03,여유
2026-08-03 18:25:00,0.0,0.0,130.01,145.8,none,none,Not crowded,False,False,False,False,False,18,25,0,Monday,2026-08-03,여유
2026-08-03 18:30:00,0.0,0.0,150.59,143.16,none,none,Not crowded,False,False,False,False,False,18,30,0,Monday,2026-08-03,여유
2026-08-03 18:35:00,0.0,0.0,139.63,132.3,none,none,Not crowded,False,False,False,False,False,18,35,0,Monday,2026-08-03,여유
2026-08-03 18:40:00,0.0,0.0,148.26,130.56,none,none,Not crowded,False,False,False,False,False,18,40,0,Monday,2026-08-03,여유
2026-08-03 18:45:00,0.0,0.0,149.63,143.18,none,none,Not crowded,False,False,False,False,False,18,45,0,Monday,2026-08-03,여유
2026-08-03 18:50:00,0.0,0.0,130.44,150.66,none,none,Not crowded,False,False,False,False,False,18,50,0,Monday,2026-08-03,여유
2026-08-03 18:55:00,0.0,0.0,144.34,144.38,none,none,Not crowded,False,False,False,False,False,18,55,0,Monday,2026-08-03,여유
2026-08-03 19:00:00,0.0,0.0,134.97,145.49,none,none,Not crowded,False,False,False,False,False,19,0,0,Monday,2026-08-03,여유
2026-08-03 19:05:00,0.0,0.0,159.03,136.29,none,none,Not crowded,False,False,False,False,False,19,5,0,Monday,2026-08-03,여유
2026-08-03 19:10:00,0.0,0.0,146.24,159.98,none,none,Not crowded,False,False,False,False,False,19,10,0,Monday,2026-08-03,여유
2026-08-03 19:15:00,0.0,0.0,152.23,156.85,none,none,Not crowded,False,False,False,False,False,19,15,0,Monday,2026-08-03,여유
2026-08-03 19:20:00,0.0,0.0,137.14,146.9,none,none,Not crowded,False,False,False,False,False,19,20,0,Monday,2026-08-03,여유
2026-08-03 19:25:00,0.0,0.0,145.56,138.55,none,none,Not crowded,False,False,False,False,False,19,25,0,Monday,2026-08-03,여유
2026-08-03 19:30:00,0.0,0.0,130.3,144.55,none,none,Not crowded,False,False,False,False,False,19,30,0,Monday,2026-08-03,여유
2026-08-03 19:35:00,0.0,0.0,155.59,150.59,none,none,Not crowded,False,False,False,False,False,19,35,0,Monday,2026-08-03,여유
2026-08-03 19:40:00,0.0,0.0,139.93,151.78,none,none,Not crowded,False,False,False,False,False,19,40,0,Monday,2026-08-03,여유
2026-08-03 19:45:00,0.0,0.0,151.85,153.22,none,none,Not crowded,False,False,False,False,False,19,45,0,Monday,2026-08-03,여유
2026-08-03 19:50:00,0.0,0.0,135.34,148.48,none,none,Not crowded,False,False,False,False,False,19,50,0,Monday,2026-08-03,여유
2026-08-03 19:55:00,0.0,0.0,143.81,145.46,none,none,Not crowded,False,False,False,False,False,19,55,0,Monday,2026-08-03,여유
2026-08-03 20:00:00,0.0,0.0,135.49,145.52,none,none,Not crowded,False,False,False,False,False,20,0,0,Monday,2026-08-03,여유
2026-08-03 20:05:00,0.0,0.0,156.42,137.26,none,none,Not crowded,False,False,False,False,False,20,5,0,Monday,2026-08-03,여유
2026-08-03 20:10:00,0.0,0.0,144.39,131.92,none,none,Not crowded,False,False,False,False,False,20,10,0,Monday,2026-08-03,여유
2026-08-03 20:15:00,0.0,0.0,150.83,136.4,none,none,Not crowded,False,False,False,False,False,20,15,0,Monday,2026-08-03,여유
2026-08-03 20:20:00,0.0,0.0,154.21,140.09,none,none,Not crowded,False,False,False,False,False,20,20,0,Monday,2026-08-03,여유
2026-08-03 20:25:00,0.0,0.0,138.38,146.56,none,none,Not crowded,False,False,False,False,False,20,25,0,Monday,2026-08-03,여유
2026-08-03 20:30:00,0.0,0.0,134.26,154.76,none,none,Not crowded,False,False,False,False,False,20,30,0,Monday,2026-08-03,여유
2026-08-03 20:35:00,0.0,0.0,144.33,154.49,none,none,Not crowded,False,False,False,False,False,20,35,0,Monday,2026-08-03,여유
2026-08-03 20:40:00,0.0,0.0,134.21,151.25,none,none,Not crowded,False,False,False,False,False,20,40,0,Monday,2026-08-03,여유
2026-08-03 20:45:00,0.0,0.0,146.98,141.14,none,none,Not crowded,False,False,False,False,False,20,45,0,Monday,2026-08-03,여유
2026-08-03 20:50:00,0.0,0.0,152.77,145.3,none,none,Not crowded,False,False,False,False,False,20,50,0,Monday,2026-08-03,여유
2026-08-03 20:55:00,0.0,0.0,145.68,149.86,none,none,Not crowded,False,False,False,False,False,20,55,0,Monday,2026-08-03,여유
2026-08-03 21:00:00,0.0,0.0,140.9,158.38,none,none,Not crowded,False,False,False,False,False,21,0,0,Monday,2026-08-03,여유
2026-08-03 21:05:00,0.0,0.0,153.16,132.04,none,none,Not crowded,False,False,False,False,False,21,5,0,Monday,2026-08-03,여유
2026-08-03 21:10:00,0.0,0.0,156.29,131.96,none,none,Not crowded,False,False,False,False,False,21,10,0,Monday,2026-08-03,여유
2026-08-03 21:15:00,0.0,0.0,154.33,134.07,none,none,Not crowded,False,False,False,False,False,21,15,0,Monday,2026-08-03,여유
2026-08-03 21:20:00,0.0,0.0,151.34,148.55,none,none,Not crowded,False,False,False,False,False,21,20,0,Monday,2026-08-03,여유
2026-08-03 21:25:00,0.0,0.0,152.49,141.6,none,none,Not crowded,False,False,False,False,False,21,25,0,Monday,2026-08-03,여유
2026-08-03 21:30:00,0.0,0.0,149.33,132.04,none,none,Not crowded,False,False,False,False,False,21,30,0,Monday,2026-08-03,여유
2026-08-03 21:35:00,0.0,0.0,135.97,133.43,none,none,Not crowded,False,False,False,False,False,21,35,0,Monday,2026-08-03,여유
2026-08-03 21:40:00,0.0,0.0,145.06,136.01,none,none,Not crowded,False,False,False,False,False,21,40,0,Monday,2026-08-03,여유
2026-08-03 21:45:00,0.0,0.0,134.83,133.01,none,none,Not crowded,False,False,False,False,False,21,45,0,Monday,2026-08-03,여유
2026-08-03 21:50:00,0.0,0.0,157.04,137.0,none,none,Not crowded,False,False,False,False,False,21,50,0,Monday,2026-08-03,여유
2026-08-03 21:55:00,0.0,0.0,139.92,152.66,none,none,Not crowded,False,False,False,False,False,21,55,0,Monday,2026-08-03,여유
2026-08-03 22:00:00,0.0,0.0,150.79,159.22,none,none,Not crowded,False,False,False,False,False,22,0,0,Monday,2026-08-03,여유
2026-08-03 22:05:00,0.0,0.0,151.39,138.86,none,none,Not crowded,False,False,False,False,False,22,5,0,Monday,2026-08-03,여유
2026-08-03 22:10:00,0.0,0.0,146.72,134.26,none,none,Not crowded,False,False,False,False,False,22,10,0,Monday,2026-08-03,여유
2026-08-03 22:15:00,0.0,0.0,144.99,147.47,none,none,Not crowded,False,False,False,False,False,22,15,0,Monday,2026-08-03,여유
2026-08-03 22:20:00,0.0,0.0,142.43,148.83,none,none,Not crowded,False,False,False,False,False,22,20,0,Monday,2026-08-03,여유
2026-08-03 22:25:00,0.0,0.0,131.5,154.61,none,none,Not crowded,False,False,False,False,False,22,25,0,Monday,2026-08-03,여유
2026-08-03 22:30:00,0.0,0.0,133.46,154.35,none,none,Not crowded,False,False,False,False,False,22,30,0,Monday,2026-08-03,여유
2026-08-03 22:35:00,0.0,0.0,155.3,155.6,none,none,Not crowded,False,False,False,False,False,22,35,0,Monday,2026-08-03,여유
2026-08-03 22:40:00,0.0,0.0,144.34,158.11,none,none,Not crowded,False,False,False,False,False,22,40,0,Monday,2026-08-03,여유
2026-08-03 22:45:00,0.0,0.0,135.59,131.36,none,none,Not crowded,False,False,False,False,False,22,45,0,Monday,2026-08-03,여유
2026-08-03 22:50:00,0.0,0.0,133.34,148.24,none,none,Not crowded,False,False,False,False,False,22,50,0,Monday,2026-08-03,여유
2026-08-03 22:55:00,0.0,0.0,131.02,137.19,none,none,Not crowded,False,False,False,False,False,22,55,0,Monday,2026-08-03,여유
2026-08-03 23:00:00,0.0,0.0,133.54,130.63,none,none,Not crowded,False,False,False,False,False,23,0,0,Monday,2026-08-03,여유
2026-08-03 23:05:00,0.0,0.0,149.68,130.07,none,none,Not crowded,False,False,False,False,False,23,5,0,Monday,2026-08-03,여유
2026-08-03 23:10:00,0.0,0.0,155.74,156.2,none,none,Not crowded,False,False,False,False,False,23,10,0,Monday,2026-08-03,여유
2026-08-03 23:15:00,0.0,0.0,153.39,130.04,none,none,Not crowded,False,False,False,False,False,23,15,0,Monday,2026-08-03,여유
2026-08-03 23:20:00,0.0,0.0,148.63,147.73,none,none,Not crowded,False,False,False,False,False,23,20,0,Monday,2026-08-03,여유
2026-08-03 23:25:00,0.0,0.0,135.19,153.21,none,none,Not crowded,False,False,False,False,False,23,25,0,Monday,2026-08-03,여유
2026-08-03 23:30:00,0.0,0.0,146.1,140.99,none,none,Not crowded,False,False,False,False,False,23,30,0,Monday,2026-08-03,여유
2026-08-03 23:35:00,0.0,0.0,135.78,155.05,none,none,Not crowded,False,False,False,False,False,23,35,0,Monday,2026-08-03,여유
2026-08-03 23:40:00,0.0,0.0,131.41,140.96,none,none,Not crowded,False,False,False,False,False,23,40,0,Monday,2026-08-03,여유
2026-08-03 23:45:00,0.0,0.0,154.85,159.7,none,none,Not crowded,False,False,False,False,False,23,45,0,Monday,2026-08-03,여유
2026-08-03 23:50:00,0.0,0.0,138.74,134.39,none,none,Not crowded,False,False,False,False,False,23,50,0,Monday,2026-08-03,여유
2026-08-03 23:55:00,0.0,0.0,141.42,154.05,none,none,Not crowded,False,False,False,False,False,23,55,0,Monday,2026-08-03,여유
2026-08-04 00:00:00,0.0,0.0,136.15,133.61,none,none,Not crowded,False,False,False,False,False,0,0,1,Tuesday,2026-08-04,여유
2026-08-04 00:05:00,0.0,0.0,145.07,145.43,none,none,Not crowded,False,False,False,False,False,0,5,1,Tuesday,2026-08-04,여유
2026-08-04 00:10:00,0.0,0.0,138.46,131.98,none,none,Not crowded,False,False,False,False,False,0,10,1,Tuesday,2026-08-04,여유
2026-08-04 00:15:00,0.0,0.0,144.86,139.47,none,none,Not crowded,False,False,False,False,False,0,15,1,Tuesday,2026-08-04,여유
2026-08-04 00:20:00,0.0,0.0,132.88,157.32,none,none,Not crowded,False,False,False,False,False,0,20,1,Tuesday,2026-08-04,여유
2026-08-04 00:25:00,0.0,0.0,150.74,142.36,none,none,Not crowded,False,False,False,False,False,0,25,1,Tuesday,2026-08-04,여유
2026-08-04 00:30:00,0.0,0.0,145.32,140.31,none,none,Not crowded,False,False,False,False,False,0,30,1,Tuesday,2026-08-04,여유
2026-08-04 00:35:00,0.0,0.0,141.46,153.22,none,none,Not crowded,False,False,False,False,False,0,35,1,Tuesday,2026-08-04,여유
2026-08-04 00:40:00,0.0,0.0,152.04,151.27,none,none,Not crowded,False,False,False,False,False,0,40,1,Tuesday,2026-08-04,여유
2026-08-04 00:45:00,0.0,0.0,130.22,138.22,none,none,Not crowded,False,False,False,False,False,0,45,1,Tuesday,2026-08-04,여유
2026-08-04 00:50:00,0.0,0.0,138.35,154.73,none,none,Not crowded,False,False,False,False,False,0,50,1,Tuesday,2026-08-04,여유
2026-08-04 00:55:00,0.0,0.0,147.67,141.13,none,none,Not crowded,False,False,False,False,False,0,55,1,Tuesday,2026-08-04,여유
2026-08-04 01:00:00,0.0,0.0,145.9,150.44,none,none,Not crowded,False,False,False,False,False,1,0,1,Tuesday,2026-08-04,여유
2026-08-04 01:05:00,0.0,0.0,155.9,157.76,none,none,Not crowded,False,False,False,False,False,1,5,1,Tuesday,2026-08-04,여유
2026-08-04 01:10:00,0.0,0.0,150.24,141.59,none,none,Not crowded,False,False,False,False,False,1,10,1,Tuesday,2026-08-04,여유
2026-08-04 01:15:00,0.0,0.0,139.8,138.44,none,none,Not crowded,False,False,False,False,False,1,15,1,Tuesday,2026-08-04,여유
2026-08-04 01:20:00,0.0,0.0,149.94,148.18,none,none,Not crowded,False,False,False,False,False,1,20,1,Tuesday,2026-08-04,여유
2026-08-04 01:25:00,0.0,0.0,136.0,134.06,none,none,Not crowded,False,False,False,False,False,1,25,1,Tuesday,2026-08-04,여유
2026-08-04 01:30:00,0.0,0.0,134.58,136.64,none,none,Not crowded,False,False,False,False,False,1,30,1,Tuesday,2026-08-04,여유
2026-08-04 01:35:00,0.0,0.0,131.73,159.87,none,none,Not crowded,False,False,False,False,False,1,35,1,Tuesday,2026-08-04,여유
2026-08-04 01:40:00,0.0,0.0,135.03,131.58,none,none,Not crowded,False,False,False,False,False,1,40,1,Tuesday,2026-08-04,여유
2026-08-04 01:45:00,0.0,0.0,146.69,149.29,none,none,Not crowded,False,False,False,False,False,1,45,1,Tuesday,2026-08-04,여유
2026-08-04 01:50:00,0.0,0.0,138.18,136.09,none,none,Not crowded,False,False,False,False,False,1,50,1,Tuesday,2026-08-04,여유
2026-08-04 01:55:00,0.0,0.0,152.88,139.3,none,none,Not crowded,False,False,False,False,False,1,55,1,Tuesday,2026-08-04,여유
2026-08-04 02:00:00,0.0,0.0,132.28,130.95,none,none,Not crowded,False,False,False,False,False,2,0,1,Tuesday,2026-08-04,여유
2026-08-04 02:05:00,0.0,0.0,158.21,157.67,none,none,Not crowded,False,False,False,False,False,2,5,1,Tuesday,2026-08-04,여유
2026-08-04 02:10:00,0.0,0.0,154.94,146.73,none,none,Not crowded,False,False,False,False,False,2,10,1,Tuesday,2026-08-04,여유
2026-08-04 02:15:00,0.0,0.0,132.35,140.54,none,none,Not crowded,False,False,False,False,False,2,15,1,Tuesday,2026-08-04,여유
2026-08-04 02:20:00,0.0,0.0,152.81,145.38,none,none,Not crowded,False,False,False,False,False,2,20,1,Tuesday,2026-08-04,여유
2026-08-04 02:25:00,0.0,0.0,136.87,155.15,none,none,Not crowded,False,False,False,False,False,2,25,1,Tuesday,2026-08-04,여유
2026-08-04 02:30:00,0.0,0.0,152.74,156.38,none,none,Not crowded,False,False,False,False,False,2,30,1,Tuesday,2026-08-04,여유
2026-08-04 02:35:00,0.0,0.0,150.84,143.35,none,none,Not crowded,False,False,False,False,False,2,35,1,Tuesday,2026-08-04,여유
2026-08-04 02:40:00,0.0,0.0,155.61,157.39,none,none,Not crowded,False,False,False,False,False,2,40,1,Tuesday,2026-08-04,여유
2026-08-04 02:45:00,0.0,0.0,139.75,137.03,none,none,Not crowded,False,False,False,False,False,2,45,1,Tuesday,2026-08-04,여유
2026-08-04 02:50:00,0.0,0.0,138.04,141.28,none,none,Not crowded,False,False,False,False,False,2,50,1,Tuesday,2026-08-04,여유
2026-08-04 02:55:00,0.0,0.0,131.44,142.47,none,none,Not crowded,False,False,False,False,False,2,55,1,Tuesday,2026-08-04,여유
2026-08-04 03:00:00,0.0,0.0,147.04,137.39,none,none,Not crowded,False,False,False,False,False,3,0,1,Tuesday,2026-08-04,여유
2026-08-04 03:05:00,0.0,0.0,140.79,132.72,none,none,Not crowded,False,False,False,False,False,3,5,1,Tuesday,2026-08-04,여유
2026-08-04 03:10:00,0.0,0.0,154.47,151.28,none,none,Not crowded,False,False,False,False,False,3,10,1,Tuesday,2026-08-04,여유
2026-08-04 03:15:00,0.0,0.0,147.57,137.33,none,none,Not crowded,False,False,False,False,False,3,15,1,Tuesday,2026-08-04,여유
2026-08-04 03:20:00,0.0,0.0,148.73,130.31,none,none,Not crowded,False,False,False,False,False,3,20,1,Tuesday,2026-08-04,여유
2026-08-04 03:25:00,0.0,0.0,132.88,136.71,none,none,Not crowded,False,False,False,False,False,3,25,1,Tuesday,2026-08-04,여유
2026-08-04 03:30:00,0.0,0.0,151.62,134.38,none,none,Not crowded,False,False,False,False,False,3,30,1,Tuesday,2026-08-04,여유
2026-08-04 03:35:00,0.0,0.0,158.69,134.94,none,none,Not crowded,False,False,False,False,False,3,35,1,Tuesday,2026-08-04,여유
2026-08-04 03:40:00,0.0,0.0,152.87,137.23,none,none,Not crowded,False,False,False,False,False,3,40,1,Tuesday,2026-08-04,여유
2026-08-04 03:45:00,0.0,0.0,158.56,134.86,none,none,Not crowded,False,False,False,False,False,3,45,1,Tuesday,2026-08-04,여유
2026-08-04 03:50:00,0.0,0.0,138.26,159.35,none,none,Not crowded,False,False,False,False,False,3,50,1,Tuesday,2026-08-04,여유
2026-08-04 03:55:00,0.0,0.0,142.68,158.56,none,none,Not crowded,False,False,False,False,False,3,55,1,Tuesday,2026-08-04,여유
2026-08-04 04:00:00,0.0,0.0,137.73,137.64,none,none,Not crowded,False,False,False,False,False,4,0,1,Tuesday,2026-08-04,여유
2026-08-04 04:05:00,0.0,0.0,135.6,145.17,none,none,Not crowded,False,False,False,False,False,4,5,1,Tuesday,2026-08-04,여유
2026-08-04 04:10:00,0.0,0.0,149.83,148.58,none,none,Not crowded,False,False,False,False,False,4,10,1,Tuesday,2026-08-04,여유
2026-08-04 04:15:00,0.0,0.0,149.29,143.52,none,none,Not crowded,False,False,False,False,False,4,15,1,Tuesday,2026-08-04,여유
2026-08-04 04:20:00,0.0,0.0,152.2,150.83,none,none,Not crowded,False,False,False,False,False,4,20,1,Tuesday,2026-08-04,여유
2026-08-04 04:25:00,0.0,0.0,143.41,154.17,none,none,Not crowded,False,False,False,False,False,4,25,1,Tuesday,2026-08-04,여유
2026-08-04 04:30:00,0.0,0.0,135.93,131.12,none,none,Not crowded,False,False,False,False,False,4,30,1,Tuesday,2026-08-04,여유
2026-08-04 04:35:00,0.0,0.0,147.16,153.79,none,none,Not crowded,False,False,False,False,False,4,35,1,Tuesday,2026-08-04,여유
2026-08-04 04:40:00,0.0,0.0,146.16,156.96,none,none,Not crowded,False,False,False,False,False,4,40,1,Tuesday,2026-08-04,여유
2026-08-04 04:45:00,0.0,0.0,157.29,148.15,none,none,Not crowded,False,False,False,False,False,4,45,1,Tuesday,2026-08-04,여유
2026-08-04 04:50:00,0.0,0.0,131.72,155.39,none,none,Not crowded,False,False,False,False,False,4,50,1,Tuesday,2026-08-04,여유
2026-08-04 04:55:00,0.0,0.0,132.45,143.09,none,none,Not crowded,False,False,False,False,False,4,55,1,Tuesday,2026-08-04,여유
2026-08-04 05:00:00,0.0,0.0,133.21,134.48,none,none,Not crowded,False,False,False,False,False,5,0,1,Tuesday,2026-08-04,여유
2026-08-04 05:05:00,0.0,0.0,138.38,140.12,none,none,Not crowded,False,False,False,False,False,5,5,1,Tuesday,2026-08-04,여유
2026-08-04 05:10:00,0.0,0.0,136.11,156.3,none,none,Not crowded,False,False,False,False,False,5,10,1,Tuesday,2026-08-04,여유
2026-08-04 05:15:00,0.0,0.0,133.63,147.36,none,none,Not crowded,False,False,False,False,False,5,15,1,Tuesday,2026-08-04,여유
2026-08-04 05:20:00,0.0,0.0,148.66,151.31,none,none,Not crowded,False,False,False,False,False,5,20,1,Tuesday,2026-08-04,여유
2026-08-04 05:25:00,0.0,0.0,139.92,135.15,none,none,Not crowded,False,False,False,False,False,5,25,1,Tuesday,2026-08-04,여유
2026-08-04 05:30:00,0.0,0.0,144.15,160.0,none,none,Not crowded,False,False,False,False,False,5,30,1,Tuesday,2026-08-04,여유
2026-08-04 05:35:00,0.0,0.0,142.09,146.42,none,none,Not crowded,False,False,False,False,False,5,35,1,Tuesday,2026-08-04,여유
2026-08-04 05:40:00,0.0,0.0,139.17,133.47,none,none,Not crowded,False,False,False,False,False,5,40,1,Tuesday,2026-08-04,여유
2026-08-04 05:45:00,0.0,0.0,131.56,152.59,none,none,Not crowded,False,False,False,False,False,5,45,1,Tuesday,2026-08-04,여유
2026-08-04 05:50:00,0.0,0.0,153.15,159.2,none,none,Not crowded,False,False,False,False,False,5,50,1,Tuesday,2026-08-04,여유
2026-08-04 05:55:00,0.0,0.0,153.47,132.67,none,none,Not crowded,False,False,False,False,False,5,55,1,Tuesday,2026-08-04,여유
2026-08-04 06:00:00,0.0,0.0,139.5,141.17,none,none,Not crowded,False,False,False,False,False,6,0,1,Tuesday,2026-08-04,여유
2026-08-04 06:05:00,0.0,0.0,151.0,158.34,none,none,Not crowded,False,False,False,False,False,6,5,1,Tuesday,2026-08-04,여유
2026-08-04 06:10:00,0.0,0.0,150.06,158.93,none,none,Not crowded,False,False,False,False,False,6,10,1,Tuesday,2026-08-04,여유
2026-08-04 06:15:00,0.0,0.0,131.0,135.4,none,none,Not crowded,False,False,False,False,False,6,15,1,Tuesday,2026-08-04,여유
2026-08-04 06:20:00,0.0,0.0,144.27,149.84,none,none,Not crowded,False,False,False,False,False,6,20,1,Tuesday,2026-08-04,여유
2026-08-04 06:25:00,0.0,0.0,138.14,145.03,none,none,Not crowded,False,False,False,False,False,6,25,1,Tuesday,2026-08-04,여유
2026-08-04 06:30:00,0.0,0.0,143.77,138.81,none,none,Not crowded,False,False,False,False,False,6,30,1,Tuesday,2026-08-04,여유
2026-08-04 06:35:00,0.0,0.0,133.33,133.6,none,none,Not crowded,False,False,False,False,False,6,35,1,Tuesday,2026-08-04,여유
2026-08-04 06:40:00,0.0,0.0,151.76,143.63,none,none,Not crowded,False,False,False,False,False,6,40,1,Tuesday,2026-08-04,여유
2026-08-04 06:45:00,0.0,0.0,141.98,149.13,none,none,Not crowded,False,False,False,False,False,6,45,1,Tuesday,2026-08-04,여유
2026-08-04 06:50:00,0.0,0.0,150.11,143.46,none,none,Not crowded,False,False,False,False,False,6,50,1,Tuesday,2026-08-04,여유
2026-08-04 06:55:00,0.0,0.0,147.79,142.85,none,none,Not crowded,False,False,False,False,False,6,55,1,Tuesday,2026-08-04,여유
2026-08-04 07:00:00,0.0,0.0,156.49,143.31,none,none,Not crowded,False,False,False,False,False,7,0,1,Tuesday,2026-08-04,여유
2026-08-04 07:05:00,0.0,0.0,144.5,153.61,none,none,Not crowded,False,False,False,False,False,7,5,1,Tuesday,2026-08-04,여유
2026-08-04 07:10:00,0.0,0.0,135.78,152.36,none,none,Not crowded,False,False,False,False,False,7,10,1,Tuesday,2026-08-04,여유
2026-08-04 07:15:00,0.0,0.0,148.06,138.32,none,none,Not crowded,False,False,False,False,False,7,15,1,Tuesday,2026-08-04,여유
2026-08-04 07:20:00,0.0,0.0,132.46,133.53,none,none,Not crowded,False,False,False,False,False,7,20,1,Tuesday,2026-08-04,여유
2026-08-04 07:25:00,0.0,0.0,148.29,145.0,none,none,Not crowded,False,False,False,False,False,7,25,1,Tuesday,2026-08-04,여유
2026-08-04 07:30:00,0.0,0.0,150.26,130.65,none,none,Not crowded,False,False,False,False,False,7,30,1,Tuesday,2026-08-04,여유
2026-08-04 07:35:00,0.0,0.0,137.62,130.25,none,none,Not crowded,False,False,False,False,False,7,35,1,Tuesday,2026-08-04,여유
2026-08-04 07:40:00,0.0,0.0,152.71,132.45,none,none,Not crowded,False,False,False,False,False,7,40,1,Tuesday,2026-08-04,여유
2026-08-04 07:45:00,0.0,0.0,139.85,144.23,none,none,Not crowded,False,False,False,False,False,7,45,1,Tuesday,2026-08-04,여유
2026-08-04 07:50:00,0.0,0.0,147.93,140.04,none,none,Not crowded,False,False,False,False,False,7,50,1,Tuesday,2026-08-04,여유
2026-08-04 07:55:00,0.0,0.0,149.28,154.04,none,none,Not crowded,False,False,False,False,False,7,55,1,Tuesday,2026-08-04,여유
2026-08-04 08:00:00,0.0,0.0,131.28,155.65,none,none,Not crowded,False,False,False,False,False,8,0,1,Tuesday,2026-08-04,여유
2026-08-04 08:05:00,0.0,0.0,136.37,151.84,none,none,Not crowded,False,False,False,False,False,8,5,1,Tuesday,2026-08-04,여유
2026-08-04 08:10:00,0.0,0.0,132.53,148.66,none,none,Not crowded,False,False,False,False,False,8,10,1,Tuesday,2026-08-04,여유
2026-08-04 08:15:00,0.0,0.0,139.75,159.12,none,none,Not crowded,False,False,False,False,False,8,15,1,Tuesday,2026-08-04,여유
2026-08-04 08:20:00,0.0,0.0,136.15,130.59,none,none,Not crowded,False,False,False,False,False,8,20,1,Tuesday,2026-08-04,여유
2026-08-04 08:25:00,0.0,0.0,130.92,146.16,none,none,Not crowded,False,False,False,False,False,8,25,1,Tuesday,2026-08-04,여유
2026-08-04 08:30:00,1.0,0.0,44.67,69.6,detect,detect,Normal,False,False,False,False,False,8,30,1,Tuesday,2026-08-04,보통
2026-08-04 08:35:00,1.0,0.0,46.64,59.39,detect,detect,Normal,False,False,False,False,False,8,35,1,Tuesday,2026-08-04,보통
2026-08-04 08:40:00,1.0,1.0,11.29,11.46,detect,detect,Crowded,False,False,False,False,False,8,40,1,Tuesday,2026-08-04,혼잡
2026-08-04 08:45:00,1.0,1.0,8.54,7.68,detect,detect,Crowded,False,False,False,False,False,8,45,1,Tuesday,2026-08-04,혼잡
2026-08-04 08:50:00,1.0,1.0,8.28,5.25,detect,detect,Crowded,False,False,False,False,False,8,50,1,Tuesday,2026-08-04,혼잡
2026-08-04 08:55:00,1.0,1.0,11.76,8.73,detect,detect,Crowded,False,False,False,False,False,8,55,1,Tuesday,2026-08-04,혼잡
2026-08-04 09:00:00,1.0,0.0,66.4,44.11,detect,detect,Normal,False,False,False,False,False,9,0,1,Tuesday,2026-08-04,보통
2026-08-04 09:05:00,1.0,1.0,66.65,75.5,detect,detect,Normal,False,False,False,False,False,9,5,1,Tuesday,2026-08-04,보통
2026-08-04 09:10:00,0.0,0.0,147.87,148.3,none,none,Not crowded,False,False,False,False,False,9,10,1,Tuesday,2026-08-04,여유
2026-08-04 09:15:00,0.0,0.0,136.92,134.56,none,none,Not crowded,False,False,False,False,False,9,15,1,Tuesday,2026-08-04,여유
2026-08-04 09:20:00,0.0,0.0,155.36,156.01,none,none,Not crowded,False,False,False,False,False,9,20,1,Tuesday,2026-08-04,여유
2026-08-04 09:25:00,0.0,0.0,153.71,134.09,none,none,Not crowded,False,False,False,False,False,9,25,1,Tuesday,2026-08-04,여유
2026-08-04 09:30:00,0.0,0.0,157.56,156.88,none,none,Not crowded,False,False,False,False,False,9,30,1,Tuesday,2026-08-04,여유
2026-08-04 09:35:00,0.0,0.0,132.48,136.29,none,none,Not crowded,False,False,False,False,False,9,35,1,Tuesday,2026-08-04,여유
2026-08-04 09:40:00,0.0,0.0,134.08,153.03,none,none,Not crowded,False,False,False,False,False,9,40,1,Tuesday,2026-08-04,여유
2026-08-04 09:45:00,0.0,0.0,157.89,140.9,none,none,Not crowded,False,False,False,False,False,9,45,1,Tuesday,2026-08-04,여유
2026-08-04 09:50:00,0.0,0.0,131.77,154.24,none,none,Not crowded,False,False,False,False,False,9,50,1,Tuesday,2026-08-04,여유
2026-08-04 09:55:00,0.0,0.0,147.94,131.38,none,none,Not crowded,False,False,False,False,False,9,55,1,Tuesday,2026-08-04,여유
2026-08-04 10:00:00,0.0,0.0,143.56,133.78,none,none,Not crowded,False,False,False,False,False,10,0,1,Tuesday,2026-08-04,여유
2026-08-04 10:05:00,0.0,0.0,156.97,153.18,none,none,Not crowded,False,False,False,False,False,10,5,1,Tuesday,2026-08-04,여유
2026-08-04 10:10:00,0.0,0.0,157.76,136.99,none,none,Not crowded,False,False,False,False,False,10,10,1,Tuesday,2026-08-04,여유
2026-08-04 10:15:00,0.0,0.0,137.49,130.63,none,none,Not crowded,False,False,False,False,False,10,15,1,Tuesday,2026-08-04,여유
2026-08-04 10:20:00,0.0,0.0,133.67,130.55,none,none,Not crowded,False,False,False,False,False,10,20,1,Tuesday,2026-08-04,여유
2026-08-04 10:25:00,0.0,0.0,152.57,158.24,none,none,Not crowded,False,False,False,False,False,10,25,1,Tuesday,2026-08-04,여유
2026-08-04 10:30:00,0.0,0.0,130.67,140.03,none,none,Not crowded,False,False,False,False,False,10,30,1,Tuesday,2026-08-04,여유
2026-08-04 10:35:00,0.0,0.0,147.73,131.62,none,none,Not crowded,False,False,False,False,False,10,35,1,Tuesday,2026-08-04,여유
2026-08-04 10:40:00,0.0,0.0,146.55,143.56,none,none,Not crowded,False,False,False,False,False,10,40,1,Tuesday,2026-08-04,여유
2026-08-04 10:45:00,0.0,0.0,155.51,142.8,none,none,Not crowded,False,False,False,False,False,10,45,1,Tuesday,2026-08-04,여유
2026-08-04 10:50:00,0.0,0.0,146.44,157.0,none,none,Not crowded,False,False,False,False,False,10,50,1,Tuesday,2026-08-04,여유
2026-08-04 10:55:00,0.0,0.0,156.05,149.23,none,none,Not crowded,False,False,False,False,False,10,55,1,Tuesday,2026-08-04,여유
2026-08-04 11:00:00,0.0,0.0,156.65,144.45,none,none,Not crowded,False,False,False,False,False,11,0,1,Tuesday,2026-08-04,여유
2026-08-04 11:05:00,0.0,0.0,155.85,142.87,none,none,Not crowded,False,False,False,False,False,11,5,1,Tuesday,2026-08-04,여유
2026-08-04 11:10:00,0.0,0.0,142.37,158.95,none,none,Not crowded,False,False,False,False,False,11,10,1,Tuesday,2026-08-04,여유
2026-08-04 11:15:00,0.0,0.0,150.63,143.99,none,none,Not crowded,False,False,False,False,False,11,15,1,Tuesday,2026-08-04,여유
2026-08-04 11:20:00,0.0,0.0,159.79,152.28,none,none,Not crowded,False,False,False,False,False,11,20,1,Tuesday,2026-08-04,여유
2026-08-04 11:25:00,0.0,0.0,138.34,137.26,none,none,Not crowded,False,False,False,False,False,11,25,1,Tuesday,2026-08-04,여유
2026-08-04 11:30:00,1.0,1.0,78.87,83.07,detect,detect,Normal,False,False,False,False,False,11,30,1,Tuesday,2026-08-04,보통
2026-08-04 11:35:00,1.0,1.0,63.8,61.82,detect,detect,Normal,False,False,False,False,False,11,35,1,Tuesday,2026-08-04,보통
2026-08-04 11:40:00,1.0,1.0,7.81,16.6,detect,detect,Crowded,False,False,False,False,False,11,40,1,Tuesday,2026-08-04,혼잡
2026-08-04 11:45:00,1.0,1.0,6.03,6.95,detect,detect,Crowded,False,False,False,False,False,11,45,1,Tuesday,2026-08-04,혼잡
2026-08-04 11:50:00,1.0,1.0,11.69,6.59,detect,detect,Crowded,False,False,False,False,False,11,50,1,Tuesday,2026-08-04,혼잡
2026-08-04 11:55:00,1.0,1.0,7.8,11.59,detect,detect,Crowded,False,False,False,False,False,11,55,1,Tuesday,2026-08-04,혼잡
2026-08-04 12:00:00,1.0,0.0,45.21,47.79,detect,detect,Normal,False,False,False,False,False,12,0,1,Tuesday,2026-08-04,보통
2026-08-04 12:05:00,1.0,0.0,58.39,73.62,detect,detect,Normal,False,False,False,False,False,12,5,1,Tuesday,2026-08-04,보통
2026-08-04 12:10:00,0.0,0.0,155.81,137.89,none,none,Not crowded,False,False,False,False,False,12,10,1,Tuesday,2026-08-04,여유
2026-08-04 12:15:00,0.0,0.0,132.23,152.63,none,none,Not crowded,False,False,False,False,False,12,15,1,Tuesday,2026-08-04,여유
2026-08-04 12:20:00,0.0,0.0,131.56,139.8,none,none,Not crowded,False,False,False,False,False,12,20,1,Tuesday,2026-08-04,여유
2026-08-04 12:25:00,0.0,0.0,135.77,139.71,none,none,Not crowded,False,False,False,False,False,12,25,1,Tuesday,2026-08-04,여유
2026-08-04 12:30:00,0.0,0.0,146.46,131.53,none,none,Not crowded,False,False,False,False,False,12,30,1,Tuesday,2026-08-04,여유
2026-08-04 12:35:00,0.0,0.0,139.23,150.38,none,none,Not crowded,False,False,False,False,False,12,35,1,Tuesday,2026-08-04,여유
2026-08-04 12:40:00,0.0,0.0,136.46,138.27,none,none,Not crowded,False,False,False,False,False,12,40,1,Tuesday,2026-08-04,여유
2026-08-04 12:45:00,0.0,0.0,145.28,148.42,none,none,Not crowded,False,False,False,False,False,12,45,1,Tuesday,2026-08-04,여유
2026-08-04 12:50:00,0.0,0.0,149.71,135.31,none,none,Not crowded,False,False,False,False,False,12,50,1,Tuesday,2026-08-04,여유
2026-08-04 12:55:00,0.0,0.0,140.64,147.26,none,none,Not crowded,False,False,False,False,False,12,55,1,Tuesday,2026-08-04,여유
2026-08-04 13:00:00,0.0,0.0,145.5,132.96,none,none,Not crowded,False,False,False,False,False,13,0,1,Tuesday,2026-08-04,여유
2026-08-04 13:05:00,0.0,0.0,130.7,147.58,none,none,Not crowded,False,False,False,False,False,13,5,1,Tuesday,2026-08-04,여유
2026-08-04 13:10:00,0.0,0.0,153.88,136.19,none,none,Not crowded,False,False,False,False,False,13,10,1,Tuesday,2026-08-04,여유
2026-08-04 13:15:00,0.0,0.0,136.64,135.44,none,none,Not crowded,False,False,False,False,False,13,15,1,Tuesday,2026-08-04,여유
2026-08-04 13:20:00,0.0,0.0,149.08,138.84,none,none,Not crowded,False,False,False,False,False,13,20,1,Tuesday,2026-08-04,여유
2026-08-04 13:25:00,0.0,0.0,147.88,133.72,none,none,Not crowded,False,False,False,False,False,13,25,1,Tuesday,2026-08-04,여유
2026-08-04 13:30:00,0.0,0.0,147.74,142.75,none,none,Not crowded,False,False,False,False,False,13,30,1,Tuesday,2026-08-04,여유
2026-08-04 13:35:00,0.0,0.0,157.48,159.68,none,none,Not crowded,False,False,False,False,False,13,35,1,Tuesday,2026-08-04,여유
2026-08-04 13:40:00,0.0,0.0,141.82,137.95,none,none,Not crowded,False,False,False,False,False,13,40,1,Tuesday,2026-08-04,여유
2026-08-04 13:45:00,0.0,0.0,130.75,134.08,none,none,Not crowded,False,False,False,False,False,13,45,1,Tuesday,2026-08-04,여유
2026-08-04 13:50:00,0.0,0.0,141.77,134.05,none,none,Not crowded,False,False,False,False,False,13,50,1,Tuesday,2026-08-04,여유
2026-08-04 13:55:00,0.0,0.0,143.33,155.12,none,none,Not crowded,False,False,False,False,False,13,55,1,Tuesday,2026-08-04,여유
2026-08-04 14:00:00,0.0,0.0,154.9,142.04,none,none,Not crowded,False,False,False,False,False,14,0,1,Tuesday,2026-08-04,여유
2026-08-04 14:05:00,0.0,0.0,130.19,154.19,none,none,Not crowded,False,False,False,False,False,14,5,1,Tuesday,2026-08-04,여유
2026-08-04 14:10:00,0.0,0.0,140.4,145.82,none,none,Not crowded,False,False,False,False,False,14,10,1,Tuesday,2026-08-04,여유
2026-08-04 14:15:00,0.0,0.0,156.93,151.81,none,none,Not crowded,False,False,False,False,False,14,15,1,Tuesday,2026-08-04,여유
2026-08-04 14:20:00,0.0,0.0,148.73,146.11,none,none,Not crowded,False,False,False,False,False,14,20,1,Tuesday,2026-08-04,여유
2026-08-04 14:25:00,0.0,0.0,149.59,137.24,none,none,Not crowded,False,False,False,False,False,14,25,1,Tuesday,2026-08-04,여유
2026-08-04 14:30:00,1.0,0.0,43.58,40.18,detect,detect,Normal,False,False,False,False,False,14,30,1,Tuesday,2026-08-04,보통
2026-08-04 14:35:00,1.0,1.0,80.33,49.05,detect,detect,Normal,False,False,False,False,False,14,35,1,Tuesday,2026-08-04,보통
2026-08-04 14:40:00,1.0,1.0,7.29,11.87,detect,detect,Crowded,False,False,False,False,False,14,40,1,Tuesday,2026-08-04,혼잡
2026-08-04 14:45:00,1.0,1.0,15.7,5.56,detect,detect,Crowded,False,False,False,False,False,14,45,1,Tuesday,2026-08-04,혼잡
2026-08-04 14:50:00,1.0,1.0,13.49,9.72,detect,detect,Crowded,False,False,False,False,False,14,50,1,Tuesday,2026-08-04,혼잡
2026-08-04 14:55:00,1.0,1.0,8.24,14.44,detect,detect,Crowded,False,False,False,False,False,14,55,1,Tuesday,2026-08-04,혼잡
2026-08-04 15:00:00,1.0,1.0,66.46,77.35,detect,detect,Normal,False,False,False,False,False,15,0,1,Tuesday,2026-08-04,보통
2026-08-04 15:05:00,1.0,1.0,44.75,57.15,detect,detect,Normal,False,False,False,False,False,15,5,1,Tuesday,2026-08-04,보통
2026-08-04 15:10:00,0.0,0.0,131.55,144.01,none,none,Not crowded,False,False,False,False,False,15,10,1,Tuesday,2026-08-04,여유
2026-08-04 15:15:00,0.0,0.0,155.94,134.97,none,none,Not crowded,False,False,False,False,False,15,15,1,Tuesday,2026-08-04,여유
2026-08-04 15:20:00,0.0,0.0,144.91,135.24,none,none,Not crowded,False,False,False,False,False,15,20,1,Tuesday,2026-08-04,여유
2026-08-04 15:25:00,0.0,0.0,131.95,150.75,none,none,Not crowded,False,False,False,False,False,15,25,1,Tuesday,2026-08-04,여유
2026-08-04 15:30:00,0.0,0.0,156.47,155.61,none,none,Not crowded,False,False,False,False,False,15,30,1,Tuesday,2026-08-04,여유
2026-08-04 15:35:00,0.0,0.0,148.28,148.92,none,none,Not crowded,False,False,False,False,False,15,35,1,Tuesday,2026-08-04,여유
2026-08-04 15:40:00,0.0,0.0,141.52,131.08,none,none,Not crowded,False,False,False,False,False,15,40,1,Tuesday,2026-08-04,여유
2026-08-04 15:45:00,0.0,0.0,136.65,147.05,none,none,Not crowded,False,False,False,False,False,15,45,1,Tuesday,2026-08-04,여유
2026-08-04 15:50:00,0.0,0.0,137.78,147.69,none,none,Not crowded,False,False,False,False,False,15,50,1,Tuesday,2026-08-04,여유
2026-08-04 15:55:00,0.0,0.0,135.04,159.8,none,none,Not crowded,False,False,False,False,False,15,55,1,Tuesday,2026-08-04,여유
2026-08-04 16:00:00,0.0,0.0,156.94,144.89,none,none,Not crowded,False,False,False,False,False,16,0,1,Tuesday,2026-08-04,여유
2026-08-04 16:05:00,0.0,0.0,131.69,141.43,none,none,Not crowded,False,False,False,False,False,16,5,1,Tuesday,2026-08-04,여유
2026-08-04 16:10:00,0.0,0.0,155.36,143.31,none,none,Not crowded,False,False,False,False,False,16,10,1,Tuesday,2026-08-04,여유
2026-08-04 16:15:00,0.0,0.0,146.52,142.73,none,none,Not crowded,False,False,False,False,False,16,15,1,Tuesday,2026-08-04,여유
2026-08-04 16:20:00,0.0,0.0,150.64,131.57,none,none,Not crowded,False,False,False,False,False,16,20,1,Tuesday,2026-08-04,여유
2026-08-04 16:25:00,0.0,0.0,152.83,147.76,none,none,Not crowded,False,False,False,False,False,16,25,1,Tuesday,2026-08-04,여유
2026-08-04 16:30:00,0.0,0.0,137.68,152.62,none,none,Not crowded,False,False,False,False,False,16,30,1,Tuesday,2026-08-04,여유
2026-08-04 16:35:00,0.0,0.0,134.94,148.9,none,none,Not crowded,False,False,False,False,False,16,35,1,Tuesday,2026-08-04,여유
2026-08-04 16:40:00,0.0,0.0,136.33,138.7,none,none,Not crowded,False,False,False,False,False,16,40,1,Tuesday,2026-08-04,여유
2026-08-04 16:45:00,0.0,0.0,137.84,145.27,none,none,Not crowded,False,False,False,False,False,16,45,1,Tuesday,2026-08-04,여유
2026-08-04 16:50:00,0.0,0.0,134.46,146.23,none,none,Not crowded,False,False,False,False,False,16,50,1,Tuesday,2026-08-04,여유
2026-08-04 16:55:00,0.0,0.0,155.66,139.59,none,none,Not crowded,False,False,False,False,False,16,55,1,Tuesday,2026-08-04,여유
2026-08-04 17:00:00,0.0,0.0,158.33,150.76,none,none,Not crowded,False,False,False,False,False,17,0,1,Tuesday,2026-08-04,여유
2026-08-04 17:05:00,0.0,0.0,138.41,136.22,none,none,Not crowded,False,False,False,False,False,17,5,1,Tuesday,2026-08-04,여유
2026-08-04 17:10:00,0.0,0.0,144.53,138.83,none,none,Not crowded,False,False,False,False,False,17,10,1,Tuesday,2026-08-04,여유
2026-08-04 17:15:00,0.0,0.0,146.86,151.03,none,none,Not crowded,False,False,False,False,False,17,15,1,Tuesday,2026-08-04,여유
2026-08-04 17:20:00,0.0,0.0,134.99,136.41,none,none,Not crowded,False,False,False,False,False,17,20,1,Tuesday,2026-08-04,여유
2026-08-04 17:25:00,0.0,0.0,146.94,147.75,none,none,Not crowded,False,False,False,False,False,17,25,1,Tuesday,2026-08-04,여유
2026-08-04 17:30:00,0.0,0.0,158.99,131.82,none,none,Not crowded,False,False,False,False,False,17,30,1,Tuesday,2026-08-04,여유
2026-08-04 17:35:00,0.0,0.0,130.13,132.11,none,none,Not crowded,False,False,False,False,False,17,35,1,Tuesday,2026-08-04,여유
2026-08-04 17:40:00,1.0,1.0,71.87,80.55,detect,detect,Normal,False,False,False,False,False,17,40,1,Tuesday,2026-08-04,보통
2026-08-04 17:45:00,1.0,1.0,51.11,74.32,detect,detect,Normal,False,False,False,False,False,17,45,1,Tuesday,2026-08-04,보통
2026-08-04 17:50:00,1.0,1.0,50.38,55.27,detect,detect,Normal,False,False,False,False,False,17,50,1,Tuesday,2026-08-04,보통
2026-08-04 17:55:00,1.0,1.0,84.44,48.64,detect,detect,Normal,False,False,False,False,False,17,55,1,Tuesday,2026-08-04,보통
2026-08-04 18:00:00,1.0,0.0,84.55,80.54,detect,detect,Normal,False,False,False,False,False,18,0,1,Tuesday,2026-08-04,보통
2026-08-04 18:05:00,1.0,1.0,84.24,46.96,detect,detect,Normal,False,False,False,False,False,18,5,1,Tuesday,2026-08-04,보통
2026-08-04 18:10:00,0.0,0.0,146.48,132.57,none,none,Not crowded,False,False,False,False,False,18,10,1,Tuesday,2026-08-04,여유
2026-08-04 18:15:00,0.0,0.0,157.94,136.12,none,none,Not crowded,False,False,False,False,False,18,15,1,Tuesday,2026-08-04,여유
2026-08-04 18:20:00,0.0,0.0,149.86,134.9,none,none,Not crowded,False,False,False,False,False,18,20,1,Tuesday,2026-08-04,여유
2026-08-04 18:25:00,0.0,0.0,142.36,154.49,none,none,Not crowded,False,False,False,False,False,18,25,1,Tuesday,2026-08-04,여유
2026-08-04 18:30:00,0.0,0.0,150.23,137.49,none,none,Not crowded,False,False,False,False,False,18,30,1,Tuesday,2026-08-04,여유
2026-08-04 18:35:00,0.0,0.0,155.41,139.68,none,none,Not crowded,False,False,False,False,False,18,35,1,Tuesday,2026-08-04,여유
2026-08-04 18:40:00,0.0,0.0,135.58,158.69,none,none,Not crowded,False,False,False,False,False,18,40,1,Tuesday,2026-08-04,여유
2026-08-04 18:45:00,0.0,0.0,149.81,134.94,none,none,Not crowded,False,False,False,False,False,18,45,1,Tuesday,2026-08-04,여유
2026-08-04 18:50:00,0.0,0.0,137.92,152.98,none,none,Not crowded,False,False,False,False,False,18,50,1,Tuesday,2026-08-04,여유
2026-08-04 18:55:00,0.0,0.0,148.16,146.4,none,none,Not crowded,False,False,False,False,False,18,55,1,Tuesday,2026-08-04,여유
2026-08-04 19:00:00,0.0,0.0,133.92,138.96,none,none,Not crowded,False,False,False,False,False,19,0,1,Tuesday,2026-08-04,여유
2026-08-04 19:05:00,0.0,0.0,157.0,134.93,none,none,Not crowded,False,False,False,False,False,19,5,1,Tuesday,2026-08-04,여유
2026-08-04 19:10:00,0.0,0.0,140.36,142.1,none,none,Not crowded,False,False,False,False,False,19,10,1,Tuesday,2026-08-04,여유
2026-08-04 19:15:00,0.0,0.0,140.11,148.0,none,none,Not crowded,False,False,False,False,False,19,15,1,Tuesday,2026-08-04,여유
2026-08-04 19:20:00,0.0,0.0,150.1,138.86,none,none,Not crowded,False,False,False,False,False,19,20,1,Tuesday,2026-08-04,여유
2026-08-04 19:25:00,0.0,0.0,136.31,144.36,none,none,Not crowded,False,False,False,False,False,19,25,1,Tuesday,2026-08-04,여유
2026-08-04 19:30:00,0.0,0.0,152.23,152.49,none,none,Not crowded,False,False,False,False,False,19,30,1,Tuesday,2026-08-04,여유
2026-08-04 19:35:00,0.0,0.0,156.49,133.96,none,none,Not crowded,False,False,False,False,False,19,35,1,Tuesday,2026-08-04,여유
2026-08-04 19:40:00,0.0,0.0,147.37,134.46,none,none,Not crowded,False,False,False,False,False,19,40,1,Tuesday,2026-08-04,여유
2026-08-04 19:45:00,0.0,0.0,153.81,132.36,none,none,Not crowded,False,False,False,False,False,19,45,1,Tuesday,2026-08-04,여유
2026-08-04 19:50:00,0.0,0.0,159.32,148.66,none,none,Not crowded,False,False,False,False,False,19,50,1,Tuesday,2026-08-04,여유
2026-08-04 19:55:00,0.0,0.0,132.75,144.64,none,none,Not crowded,False,False,False,False,False,19,55,1,Tuesday,2026-08-04,여유
2026-08-04 20:00:00,0.0,0.0,146.42,156.39,none,none,Not crowded,False,False,False,False,False,20,0,1,Tuesday,2026-08-04,여유
2026-08-04 20:05:00,0.0,0.0,154.47,133.32,none,none,Not crowded,False,False,False,False,False,20,5,1,Tuesday,2026-08-04,여유
2026-08-04 20:10:00,0.0,0.0,144.97,158.22,none,none,Not crowded,False,False,False,False,False,20,10,1,Tuesday,2026-08-04,여유
2026-08-04 20:15:00,0.0,0.0,142.72,133.77,none,none,Not crowded,False,False,False,False,False,20,15,1,Tuesday,2026-08-04,여유
2026-08-04 20:20:00,0.0,0.0,141.28,158.66,none,none,Not crowded,False,False,False,False,False,20,20,1,Tuesday,2026-08-04,여유
2026-08-04 20:25:00,0.0,0.0,134.63,151.87,none,none,Not crowded,False,False,False,False,False,20,25,1,Tuesday,2026-08-04,여유
2026-08-04 20:30:00,0.0,0.0,154.75,143.43,none,none,Not crowded,False,False,False,False,False,20,30,1,Tuesday,2026-08-04,여유
2026-08-04 20:35:00,0.0,0.0,141.13,142.36,none,none,Not crowded,False,False,False,False,False,20,35,1,Tuesday,2026-08-04,여유
2026-08-04 20:40:00,0.0,0.0,130.44,158.97,none,none,Not crowded,False,False,False,False,False,20,40,1,Tuesday,2026-08-04,여유
2026-08-04 20:45:00,0.0,0.0,133.23,153.89,none,none,Not crowded,False,False,False,False,False,20,45,1,Tuesday,2026-08-04,여유
2026-08-04 20:50:00,0.0,0.0,148.49,148.76,none,none,Not crowded,False,False,False,False,False,20,50,1,Tuesday,2026-08-04,여유
2026-08-04 20:55:00,0.0,0.0,148.24,142.22,none,none,Not crowded,False,False,False,False,False,20,55,1,Tuesday,2026-08-04,여유
2026-08-04 21:00:00,0.0,0.0,136.68,159.18,none,none,Not crowded,False,False,False,False,False,21,0,1,Tuesday,2026-08-04,여유
2026-08-04 21:05:00,0.0,0.0,146.92,146.85,none,none,Not crowded,False,False,False,False,False,21,5,1,Tuesday,2026-08-04,여유
2026-08-04 21:10:00,0.0,0.0,149.84,146.8,none,none,Not crowded,False,False,False,False,False,21,10,1,Tuesday,2026-08-04,여유
2026-08-04 21:15:00,0.0,0.0,141.26,155.72,none,none,Not crowded,False,False,False,False,False,21,15,1,Tuesday,2026-08-04,여유
2026-08-04 21:20:00,0.0,0.0,146.4,152.25,none,none,Not crowded,False,False,False,False,False,21,20,1,Tuesday,2026-08-04,여유
2026-08-04 21:25:00,0.0,0.0,136.09,152.74,none,none,Not crowded,False,False,False,False,False,21,25,1,Tuesday,2026-08-04,여유
2026-08-04 21:30:00,0.0,0.0,136.64,137.76,none,none,Not crowded,False,False,False,False,False,21,30,1,Tuesday,2026-08-04,여유
2026-08-04 21:35:00,0.0,0.0,154.35,150.91,none,none,Not crowded,False,False,False,False,False,21,35,1,Tuesday,2026-08-04,여유
2026-08-04 21:40:00,0.0,0.0,139.19,133.1,none,none,Not crowded,False,False,False,False,False,21,40,1,Tuesday,2026-08-04,여유
2026-08-04 21:45:00,0.0,0.0,137.26,159.5,none,none,Not crowded,False,False,False,False,False,21,45,1,Tuesday,2026-08-04,여유
2026-08-04 21:50:00,0.0,0.0,153.33,143.39,none,none,Not crowded,False,False,False,False,False,21,50,1,Tuesday,2026-08-04,여유
2026-08-04 21:55:00,0.0,0.0,157.58,145.23,none,none,Not crowded,False,False,False,False,False,21,55,1,Tuesday,2026-08-04,여유
2026-08-04 22:00:00,0.0,0.0,130.35,137.24,none,none,Not crowded,False,False,False,False,False,22,0,1,Tuesday,2026-08-04,여유
2026-08-04 22:05:00,0.0,0.0,144.75,149.58,none,none,Not crowded,False,False,False,False,False,22,5,1,Tuesday,2026-08-04,여유
2026-08-04 22:10:00,0.0,0.0,142.88,150.79,none,none,Not crowded,False,False,False,False,False,22,10,1,Tuesday,2026-08-04,여유
2026-08-04 22:15:00,0.0,0.0,155.96,141.84,none,none,Not crowded,False,False,False,False,False,22,15,1,Tuesday,2026-08-04,여유
2026-08-04 22:20:00,0.0,0.0,146.35,145.77,none,none,Not crowded,False,False,False,False,False,22,20,1,Tuesday,2026-08-04,여유
2026-08-04 22:25:00,0.0,0.0,138.27,156.54,none,none,Not crowded,False,False,False,False,False,22,25,1,Tuesday,2026-08-04,여유
2026-08-04 22:30:00,0.0,0.0,150.77,144.13,none,none,Not crowded,False,False,False,False,False,22,30,1,Tuesday,2026-08-04,여유
2026-08-04 22:35:00,0.0,0.0,139.5,139.3,none,none,Not crowded,False,False,False,False,False,22,35,1,Tuesday,2026-08-04,여유
2026-08-04 22:40:00,0.0,0.0,135.36,150.14,none,none,Not crowded,False,False,False,False,False,22,40,1,Tuesday,2026-08-04,여유
2026-08-04 22:45:00,0.0,0.0,138.27,145.88,none,none,Not crowded,False,False,False,False,False,22,45,1,Tuesday,2026-08-04,여유
2026-08-04 22:50:00,0.0,0.0,147.74,138.33,none,none,Not crowded,False,False,False,False,False,22,50,1,Tuesday,2026-08-04,여유
2026-08-04 22:55:00,0.0,0.0,150.72,154.92,none,none,Not crowded,False,False,False,False,False,22,55,1,Tuesday,2026-08-04,여유
2026-08-04 23:00:00,0.0,0.0,155.69,154.88,none,none,Not crowded,False,False,False,False,False,23,0,1,Tuesday,2026-08-04,여유
2026-08-04 23:05:00,0.0,0.0,159.06,159.07,none,none,Not crowded,False,False,False,False,False,23,5,1,Tuesday,2026-08-04,여유
2026-08-04 23:10:00,0.0,0.0,152.44,134.25,none,none,Not crowded,False,False,False,False,False,23,10,1,Tuesday,2026-08-04,여유
2026-08-04 23:15:00,0.0,0.0,138.96,141.72,none,none,Not crowded,False,False,False,False,False,23,15,1,Tuesday,2026-08-04,여유
2026-08-04 23:20:00,0.0,0.0,155.23,138.59,none,none,Not crowded,False,False,False,False,False,23,20,1,Tuesday,2026-08-04,여유
2026-08-04 23:25:00,0.0,0.0,142.11,151.32,none,none,Not crowded,False,False,False,False,False,23,25,1,Tuesday,2026-08-04,여유
2026-08-04 23:30:00,0.0,0.0,151.18,150.48,none,none,Not crowded,False,False,False,False,False,23,30,1,Tuesday,2026-08-04,여유
2026-08-04 23:35:00,0.0,0.0,130.76,146.89,none,none,Not crowded,False,False,False,False,False,23,35,1,Tuesday,2026-08-04,여유
2026-08-04 23:40:00,0.0,0.0,133.05,135.68,none,none,Not crowded,False,False,False,False,False,23,40,1,Tuesday,2026-08-04,여유
2026-08-04 23:45:00,0.0,0.0,157.93,146.2,none,none,Not crowded,False,False,False,False,False,23,45,1,Tuesday,2026-08-04,여유
2026-08-04 23:50:00,0.0,0.0,157.87,151.93,none,none,Not crowded,False,False,False,False,False,23,50,1,Tuesday,2026-08-04,여유
2026-08-04 23:55:00,0.0,0.0,131.14,139.22,none,none,Not crowded,False,False,False,False,False,23,55,1,Tuesday,2026-08-04,여유
2026-08-05 00:00:00,0.0,0.0,141.27,134.34,none,none,Not crowded,False,False,False,False,False,0,0,2,Wednesday,2026-08-05,여유
2026-08-05 00:05:00,0.0,0.0,139.26,159.36,none,none,Not crowded,False,False,False,False,False,0,5,2,Wednesday,2026-08-05,여유
2026-08-05 00:10:00,0.0,0.0,136.42,150.57,none,none,Not crowded,False,False,False,False,False,0,10,2,Wednesday,2026-08-05,여유
2026-08-05 00:15:00,0.0,0.0,148.78,130.64,none,none,Not crowded,False,False,False,False,False,0,15,2,Wednesday,2026-08-05,여유
2026-08-05 00:20:00,0.0,0.0,142.76,136.69,none,none,Not crowded,False,False,False,False,False,0,20,2,Wednesday,2026-08-05,여유
2026-08-05 00:25:00,0.0,0.0,156.12,140.36,none,none,Not crowded,False,False,False,False,False,0,25,2,Wednesday,2026-08-05,여유
2026-08-05 00:30:00,0.0,0.0,151.64,137.86,none,none,Not crowded,False,False,False,False,False,0,30,2,Wednesday,2026-08-05,여유
2026-08-05 00:35:00,0.0,0.0,154.46,132.09,none,none,Not crowded,False,False,False,False,False,0,35,2,Wednesday,2026-08-05,여유
2026-08-05 00:40:00,0.0,0.0,132.33,148.54,none,none,Not crowded,False,False,False,False,False,0,40,2,Wednesday,2026-08-05,여유
2026-08-05 00:45:00,0.0,0.0,143.71,150.07,none,none,Not crowded,False,False,False,False,False,0,45,2,Wednesday,2026-08-05,여유
2026-08-05 00:50:00,0.0,0.0,140.18,139.06,none,none,Not crowded,False,False,False,False,False,0,50,2,Wednesday,2026-08-05,여유
2026-08-05 00:55:00,0.0,0.0,159.24,156.34,none,none,Not crowded,False,False,False,False,False,0,55,2,Wednesday,2026-08-05,여유
2026-08-05 01:00:00,0.0,0.0,146.75,133.49,none,none,Not crowded,False,False,False,False,False,1,0,2,Wednesday,2026-08-05,여유
2026-08-05 01:05:00,0.0,0.0,148.16,151.28,none,none,Not crowded,False,False,False,False,False,1,5,2,Wednesday,2026-08-05,여유
2026-08-05 01:10:00,0.0,0.0,155.85,144.16,none,none,Not crowded,False,False,False,False,False,1,10,2,Wednesday,2026-08-05,여유
2026-08-05 01:15:00,0.0,0.0,155.76,147.44,none,none,Not crowded,False,False,False,False,False,1,15,2,Wednesday,2026-08-05,여유
2026-08-05 01:20:00,0.0,0.0,151.06,146.23,none,none,Not crowded,False,False,False,False,False,1,20,2,Wednesday,2026-08-05,여유
2026-08-05 01:25:00,0.0,0.0,157.31,139.95,none,none,Not crowded,False,False,False,False,False,1,25,2,Wednesday,2026-08-05,여유
2026-08-05 01:30:00,0.0,0.0,149.5,135.47,none,none,Not crowded,False,False,False,False,False,1,30,2,Wednesday,2026-08-05,여유
2026-08-05 01:35:00,0.0,0.0,146.73,134.55,none,none,Not crowded,False,False,False,False,False,1,35,2,Wednesday,2026-08-05,여유
2026-08-05 01:40:00,0.0,0.0,138.77,137.44,none,none,Not crowded,False,False,False,False,False,1,40,2,Wednesday,2026-08-05,여유
2026-08-05 01:45:00,0.0,0.0,138.89,150.06,none,none,Not crowded,False,False,False,False,False,1,45,2,Wednesday,2026-08-05,여유
2026-08-05 01:50:00,0.0,0.0,157.74,138.44,none,none,Not crowded,False,False,False,False,False,1,50,2,Wednesday,2026-08-05,여유
2026-08-05 01:55:00,0.0,0.0,152.99,131.83,none,none,Not crowded,False,False,False,False,False,1,55,2,Wednesday,2026-08-05,여유
2026-08-05 02:00:00,0.0,0.0,141.92,154.45,none,none,Not crowded,False,False,False,False,False,2,0,2,Wednesday,2026-08-05,여유
2026-08-05 02:05:00,0.0,0.0,146.93,131.93,none,none,Not crowded,False,False,False,False,False,2,5,2,Wednesday,2026-08-05,여유
2026-08-05 02:10:00,0.0,0.0,145.86,140.74,none,none,Not crowded,False,False,False,False,False,2,10,2,Wednesday,2026-08-05,여유
2026-08-05 02:15:00,0.0,0.0,134.1,135.87,none,none,Not crowded,False,False,False,False,False,2,15,2,Wednesday,2026-08-05,여유
2026-08-05 02:20:00,0.0,0.0,144.04,159.79,none,none,Not crowded,False,False,False,False,False,2,20,2,Wednesday,2026-08-05,여유
2026-08-05 02:25:00,0.0,0.0,156.99,147.64,none,none,Not crowded,False,False,False,False,False,2,25,2,Wednesday,2026-08-05,여유
2026-08-05 02:30:00,0.0,0.0,140.19,139.46,none,none,Not crowded,False,False,False,False,False,2,30,2,Wednesday,2026-08-05,여유
2026-08-05 02:35:00,0.0,0.0,140.16,154.62,none,none,Not crowded,False,False,False,False,False,2,35,2,Wednesday,2026-08-05,여유
2026-08-05 02:40:00,0.0,0.0,147.24,144.26,none,none,Not crowded,False,False,False,False,False,2,40,2,Wednesday,2026-08-05,여유
2026-08-05 02:45:00,0.0,0.0,130.42,138.31,none,none,Not crowded,False,False,False,False,False,2,45,2,Wednesday,2026-08-05,여유
2026-08-05 02:50:00,0.0,0.0,130.52,158.64,none,none,Not crowded,False,False,False,False,False,2,50,2,Wednesday,2026-08-05,여유
2026-08-05 02:55:00,0.0,0.0,139.97,130.59,none,none,Not crowded,False,False,False,False,False,2,55,2,Wednesday,2026-08-05,여유
2026-08-05 03:00:00,0.0,0.0,150.75,143.64,none,none,Not crowded,False,False,False,False,False,3,0,2,Wednesday,2026-08-05,여유
2026-08-05 03:05:00,0.0,0.0,145.07,148.94,none,none,Not crowded,False,False,False,False,False,3,5,2,Wednesday,2026-08-05,여유
2026-08-05 03:10:00,0.0,0.0,155.87,151.42,none,none,Not crowded,False,False,False,False,False,3,10,2,Wednesday,2026-08-05,여유
2026-08-05 03:15:00,0.0,0.0,136.11,132.38,none,none,Not crowded,False,False,False,False,False,3,15,2,Wednesday,2026-08-05,여유
2026-08-05 03:20:00,0.0,0.0,154.33,158.39,none,none,Not crowded,False,False,False,False,False,3,20,2,Wednesday,2026-08-05,여유
2026-08-05 03:25:00,0.0,0.0,137.28,154.44,none,none,Not crowded,False,False,False,False,False,3,25,2,Wednesday,2026-08-05,여유
2026-08-05 03:30:00,0.0,0.0,155.5,145.97,none,none,Not crowded,False,False,False,False,False,3,30,2,Wednesday,2026-08-05,여유
2026-08-05 03:35:00,0.0,0.0,154.87,138.55,none,none,Not crowded,False,False,False,False,False,3,35,2,Wednesday,2026-08-05,여유
2026-08-05 03:40:00,0.0,0.0,146.91,133.12,none,none,Not crowded,False,False,False,False,False,3,40,2,Wednesday,2026-08-05,여유
2026-08-05 03:45:00,0.0,0.0,155.61,150.79,none,none,Not crowded,False,False,False,False,False,3,45,2,Wednesday,2026-08-05,여유
2026-08-05 03:50:00,0.0,0.0,154.75,137.31,none,none,Not crowded,False,False,False,False,False,3,50,2,Wednesday,2026-08-05,여유
2026-08-05 03:55:00,0.0,0.0,132.82,151.23,none,none,Not crowded,False,False,False,False,False,3,55,2,Wednesday,2026-08-05,여유
2026-08-05 04:00:00,0.0,0.0,159.79,152.6,none,none,Not crowded,False,False,False,False,False,4,0,2,Wednesday,2026-08-05,여유
2026-08-05 04:05:00,0.0,0.0,136.72,138.91,none,none,Not crowded,False,False,False,False,False,4,5,2,Wednesday,2026-08-05,여유
2026-08-05 04:10:00,0.0,0.0,135.81,152.51,none,none,Not crowded,False,False,False,False,False,4,10,2,Wednesday,2026-08-05,여유
2026-08-05 04:15:00,0.0,0.0,156.38,140.61,none,none,Not crowded,False,False,False,False,False,4,15,2,Wednesday,2026-08-05,여유
2026-08-05 04:20:00,0.0,0.0,143.6,134.35,none,none,Not crowded,False,False,False,False,False,4,20,2,Wednesday,2026-08-05,여유
2026-08-05 04:25:00,0.0,0.0,138.33,152.15,none,none,Not crowded,False,False,False,False,False,4,25,2,Wednesday,2026-08-05,여유
2026-08-05 04:30:00,0.0,0.0,151.9,151.76,none,none,Not crowded,False,False,False,False,False,4,30,2,Wednesday,2026-08-05,여유
2026-08-05 04:35:00,0.0,0.0,153.53,155.67,none,none,Not crowded,False,False,False,False,False,4,35,2,Wednesday,2026-08-05,여유
2026-08-05 04:40:00,0.0,0.0,140.15,137.56,none,none,Not crowded,False,False,False,False,False,4,40,2,Wednesday,2026-08-05,여유
2026-08-05 04:45:00,0.0,0.0,133.12,146.12,none,none,Not crowded,False,False,False,False,False,4,45,2,Wednesday,2026-08-05,여유
2026-08-05 04:50:00,0.0,0.0,154.96,140.47,none,none,Not crowded,False,False,False,False,False,4,50,2,Wednesday,2026-08-05,여유
2026-08-05 04:55:00,0.0,0.0,131.59,158.63,none,none,Not crowded,False,False,False,False,False,4,55,2,Wednesday,2026-08-05,여유
2026-08-05 05:00:00,0.0,0.0,142.3,149.84,none,none,Not crowded,False,False,False,False,False,5,0,2,Wednesday,2026-08-05,여유
2026-08-05 05:05:00,0.0,0.0,152.27,154.54,none,none,Not crowded,False,False,False,False,False,5,5,2,Wednesday,2026-08-05,여유
2026-08-05 05:10:00,0.0,0.0,131.65,138.24,none,none,Not crowded,False,False,False,False,False,5,10,2,Wednesday,2026-08-05,여유
2026-08-05 05:15:00,0.0,0.0,133.92,140.85,none,none,Not crowded,False,False,False,False,False,5,15,2,Wednesday,2026-08-05,여유
2026-08-05 05:20:00,0.0,0.0,146.58,130.63,none,none,Not crowded,False,False,False,False,False,5,20,2,Wednesday,2026-08-05,여유
2026-08-05 05:25:00,0.0,0.0,146.77,157.69,none,none,Not crowded,False,False,False,False,False,5,25,2,Wednesday,2026-08-05,여유
2026-08-05 05:30:00,0.0,0.0,139.19,139.43,none,none,Not crowded,False,False,False,False,False,5,30,2,Wednesday,2026-08-05,여유
2026-08-05 05:35:00,0.0,0.0,136.47,139.69,none,none,Not crowded,False,False,False,False,False,5,35,2,Wednesday,2026-08-05,여유
2026-08-05 05:40:00,0.0,0.0,133.89,139.96,none,none,Not crowded,False,False,False,False,False,5,40,2,Wednesday,2026-08-05,여유
2026-08-05 05:45:00,0.0,0.0,135.25,151.25,none,none,Not crowded,False,False,False,False,False,5,45,2,Wednesday,2026-08-05,여유
2026-08-05 05:50:00,0.0,0.0,138.49,157.32,none,none,Not crowded,False,False,False,False,False,5,50,2,Wednesday,2026-08-05,여유
2026-08-05 05:55:00,0.0,0.0,139.0,151.82,none,none,Not crowded,False,False,False,False,False,5,55,2,Wednesday,2026-08-05,여유
2026-08-05 06:00:00,0.0,0.0,132.06,152.72,none,none,Not crowded,False,False,False,False,False,6,0,2,Wednesday,2026-08-05,여유
2026-08-05 06:05:00,0.0,0.0,157.83,155.07,none,none,Not crowded,False,False,False,False,False,6,5,2,Wednesday,2026-08-05,여유
2026-08-05 06:10:00,0.0,0.0,149.36,156.4,none,none,Not crowded,False,False,False,False,False,6,10,2,Wednesday,2026-08-05,여유
2026-08-05 06:15:00,0.0,0.0,147.77,154.29,none,none,Not crowded,False,False,False,False,False,6,15,2,Wednesday,2026-08-05,여유
2026-08-05 06:20:00,0.0,0.0,147.09,137.62,none,none,Not crowded,False,False,False,False,False,6,20,2,Wednesday,2026-08-05,여유
2026-08-05 06:25:00,0.0,0.0,142.3,152.67,none,none,Not crowded,False,False,False,False,False,6,25,2,Wednesday,2026-08-05,여유
2026-08-05 06:30:00,0.0,0.0,134.16,155.27,none,none,Not crowded,False,False,False,False,False,6,30,2,Wednesday,2026-08-05,여유
2026-08-05 06:35:00,0.0,0.0,140.99,155.94,none,none,Not crowded,False,False,False,False,False,6,35,2,Wednesday,2026-08-05,여유
2026-08-05 06:40:00,0.0,0.0,147.38,143.27,none,none,Not crowded,False,False,False,False,False,6,40,2,Wednesday,2026-08-05,여유
2026-08-05 06:45:00,0.0,0.0,136.74,142.8,none,none,Not crowded,False,False,False,False,False,6,45,2,Wednesday,2026-08-05,여유
2026-08-05 06:50:00,0.0,0.0,152.6,149.75,none,none,Not crowded,False,False,False,False,False,6,50,2,Wednesday,2026-08-05,여유
2026-08-05 06:55:00,0.0,0.0,157.4,130.74,none,none,Not crowded,False,False,False,False,False,6,55,2,Wednesday,2026-08-05,여유
2026-08-05 07:00:00,0.0,0.0,149.67,154.87,none,none,Not crowded,False,False,False,False,False,7,0,2,Wednesday,2026-08-05,여유
2026-08-05 07:05:00,0.0,0.0,154.34,133.71,none,none,Not crowded,False,False,False,False,False,7,5,2,Wednesday,2026-08-05,여유
2026-08-05 07:10:00,0.0,0.0,148.19,155.34,none,none,Not crowded,False,False,False,False,False,7,10,2,Wednesday,2026-08-05,여유
2026-08-05 07:15:00,0.0,0.0,138.54,134.45,none,none,Not crowded,False,False,False,False,False,7,15,2,Wednesday,2026-08-05,여유
2026-08-05 07:20:00,0.0,0.0,149.73,137.11,none,none,Not crowded,False,False,False,False,False,7,20,2,Wednesday,2026-08-05,여유
2026-08-05 07:25:00,0.0,0.0,132.43,159.06,none,none,Not crowded,False,False,False,False,False,7,25,2,Wednesday,2026-08-05,여유
2026-08-05 07:30:00,0.0,0.0,130.44,141.79,none,none,Not crowded,False,False,False,False,False,7,30,2,Wednesday,2026-08-05,여유
2026-08-05 07:35:00,0.0,0.0,145.62,149.51,none,none,Not crowded,False,False,False,False,False,7,35,2,Wednesday,2026-08-05,여유
2026-08-05 07:40:00,0.0,0.0,130.88,144.45,none,none,Not crowded,False,False,False,False,False,7,40,2,Wednesday,2026-08-05,여유
2026-08-05 07:45:00,0.0,0.0,140.41,132.6,none,none,Not crowded,False,False,False,False,False,7,45,2,Wednesday,2026-08-05,여유
2026-08-05 07:50:00,0.0,0.0,146.2,144.73,none,none,Not crowded,False,False,False,False,False,7,50,2,Wednesday,2026-08-05,여유
2026-08-05 07:55:00,0.0,0.0,139.57,149.41,none,none,Not crowded,False,False,False,False,False,7,55,2,Wednesday,2026-08-05,여유
2026-08-05 08:00:00,0.0,0.0,159.98,152.44,none,none,Not crowded,False,False,False,False,False,8,0,2,Wednesday,2026-08-05,여유
2026-08-05 08:05:00,0.0,0.0,144.41,131.22,none,none,Not crowded,False,False,False,False,False,8,5,2,Wednesday,2026-08-05,여유
2026-08-05 08:10:00,0.0,0.0,159.44,151.83,none,none,Not crowded,False,False,False,False,False,8,10,2,Wednesday,2026-08-05,여유
2026-08-05 08:15:00,0.0,0.0,156.43,137.23,none,none,Not crowded,False,False,False,False,False,8,15,2,Wednesday,2026-08-05,여유
2026-08-05 08:20:00,0.0,0.0,155.96,144.39,none,none,Not crowded,False,False,False,False,False,8,20,2,Wednesday,2026-08-05,여유
2026-08-05 08:25:00,0.0,0.0,136.22,141.76,none,none,Not crowded,False,False,False,False,False,8,25,2,Wednesday,2026-08-05,여유
2026-08-05 08:30:00,1.0,1.0,46.67,52.01,detect,detect,Normal,False,False,False,False,False,8,30,2,Wednesday,2026-08-05,보통
2026-08-05 08:35:00,1.0,1.0,46.89,58.76,detect,detect,Normal,False,False,False,False,False,8,35,2,Wednesday,2026-08-05,보통
2026-08-05 08:40:00,1.0,1.0,17.41,15.62,detect,detect,Crowded,False,False,False,False,False,8,40,2,Wednesday,2026-08-05,혼잡
2026-08-05 08:45:00,1.0,1.0,14.92,10.44,detect,detect,Crowded,False,False,False,False,False,8,45,2,Wednesday,2026-08-05,혼잡
2026-08-05 08:50:00,1.0,1.0,11.54,11.48,detect,detect,Crowded,False,False,False,False,False,8,50,2,Wednesday,2026-08-05,혼잡
2026-08-05 08:55:00,1.0,1.0,6.84,13.9,detect,detect,Crowded,False,False,False,False,False,8,55,2,Wednesday,2026-08-05,혼잡
2026-08-05 09:00:00,1.0,1.0,83.11,54.72,detect,detect,Normal,False,False,False,False,False,9,0,2,Wednesday,2026-08-05,보통
2026-08-05 09:05:00,1.0,1.0,80.76,60.51,detect,detect,Normal,False,False,False,False,False,9,5,2,Wednesday,2026-08-05,보통
2026-08-05 09:10:00,0.0,0.0,133.25,144.16,none,none,Not crowded,False,False,False,False,False,9,10,2,Wednesday,2026-08-05,여유
2026-08-05 09:15:00,0.0,0.0,154.89,137.26,none,none,Not crowded,False,False,False,False,False,9,15,2,Wednesday,2026-08-05,여유
2026-08-05 09:20:00,0.0,0.0,131.9,143.87,none,none,Not crowded,False,False,False,False,False,9,20,2,Wednesday,2026-08-05,여유
2026-08-05 09:25:00,0.0,0.0,143.13,141.73,none,none,Not crowded,False,False,False,False,False,9,25,2,Wednesday,2026-08-05,여유
2026-08-05 09:30:00,0.0,0.0,148.22,131.8,none,none,Not crowded,False,False,False,False,False,9,30,2,Wednesday,2026-08-05,여유
2026-08-05 09:35:00,0.0,0.0,155.84,155.48,none,none,Not crowded,False,False,False,False,False,9,35,2,Wednesday,2026-08-05,여유
2026-08-05 09:40:00,0.0,0.0,133.54,143.0,none,none,Not crowded,False,False,False,False,False,9,40,2,Wednesday,2026-08-05,여유
2026-08-05 09:45:00,0.0,0.0,151.78,141.03,none,none,Not crowded,False,False,False,False,False,9,45,2,Wednesday,2026-08-05,여유
2026-08-05 09:50:00,0.0,0.0,152.61,138.2,none,none,Not crowded,False,False,False,False,False,9,50,2,Wednesday,2026-08-05,여유
2026-08-05 09:55:00,0.0,0.0,159.37,142.26,none,none,Not crowded,False,False,False,False,False,9,55,2,Wednesday,2026-08-05,여유
2026-08-05 10:00:00,0.0,0.0,130.02,157.08,none,none,Not crowded,False,False,False,False,False,10,0,2,Wednesday,2026-08-05,여유
2026-08-05 10:05:00,0.0,0.0,146.35,149.45,none,none,Not crowded,False,False,False,False,False,10,5,2,Wednesday,2026-08-05,여유
2026-08-05 10:10:00,0.0,0.0,146.86,156.41,none,none,Not crowded,False,False,False,False,False,10,10,2,Wednesday,2026-08-05,여유
2026-08-05 10:15:00,0.0,0.0,135.71,132.76,none,none,Not crowded,False,False,False,False,False,10,15,2,Wednesday,2026-08-05,여유
2026-08-05 10:20:00,0.0,0.0,158.96,156.23,none,none,Not crowded,False,False,False,False,False,10,20,2,Wednesday,2026-08-05,여유
2026-08-05 10:25:00,0.0,0.0,137.3,140.96,none,none,Not crowded,False,False,False,False,False,10,25,2,Wednesday,2026-08-05,여유
2026-08-05 10:30:00,0.0,0.0,143.59,143.88,none,none,Not crowded,False,False,False,False,False,10,30,2,Wednesday,2026-08-05,여유
2026-08-05 10:35:00,0.0,0.0,158.71,144.9,none,none,Not crowded,False,False,False,False,False,10,35,2,Wednesday,2026-08-05,여유
2026-08-05 10:40:00,0.0,0.0,132.15,150.03,none,none,Not crowded,False,False,False,False,False,10,40,2,Wednesday,2026-08-05,여유
2026-08-05 10:45:00,0.0,0.0,140.9,157.61,none,none,Not crowded,False,False,False,False,False,10,45,2,Wednesday,2026-08-05,여유
2026-08-05 10:50:00,0.0,0.0,144.56,131.01,none,none,Not crowded,False,False,False,False,False,10,50,2,Wednesday,2026-08-05,여유
2026-08-05 10:55:00,0.0,0.0,141.93,141.29,none,none,Not crowded,False,False,False,False,False,10,55,2,Wednesday,2026-08-05,여유
2026-08-05 11:00:00,0.0,0.0,146.22,140.46,none,none,Not crowded,False,False,False,False,False,11,0,2,Wednesday,2026-08-05,여유
2026-08-05 11:05:00,0.0,0.0,158.68,151.34,none,none,Not crowded,False,False,False,False,False,11,5,2,Wednesday,2026-08-05,여유
2026-08-05 11:10:00,0.0,0.0,139.95,149.78,none,none,Not crowded,False,False,False,False,False,11,10,2,Wednesday,2026-08-05,여유
2026-08-05 11:15:00,0.0,0.0,149.56,156.9,none,none,Not crowded,False,False,False,False,False,11,15,2,Wednesday,2026-08-05,여유
2026-08-05 11:20:00,0.0,0.0,141.28,134.74,none,none,Not crowded,False,False,False,False,False,11,20,2,Wednesday,2026-08-05,여유
2026-08-05 11:25:00,0.0,0.0,151.03,156.37,none,none,Not crowded,False,False,False,False,False,11,25,2,Wednesday,2026-08-05,여유
2026-08-05 11:30:00,1.0,1.0,43.37,54.61,detect,detect,Normal,False,False,False,False,False,11,30,2,Wednesday,2026-08-05,보통
2026-08-05 11:35:00,1.0,0.0,51.77,44.87,detect,detect,Normal,False,False,False,False,False,11,35,2,Wednesday,2026-08-05,보통
2026-08-05 11:40:00,1.0,1.0,9.08,7.25,detect,detect,Crowded,False,False,False,False,False,11,40,2,Wednesday,2026-08-05,혼잡
2026-08-05 11:45:00,1.0,1.0,15.56,5.8,detect,detect,Crowded,False,False,False,False,False,11,45,2,Wednesday,2026-08-05,혼잡
2026-08-05 11:50:00,1.0,1.0,16.41,11.39,detect,detect,Crowded,False,False,False,False,False,11,50,2,Wednesday,2026-08-05,혼잡
2026-08-05 11:55:00,1.0,1.0,12.73,15.49,detect,detect,Crowded,False,False,False,False,False,11,55,2,Wednesday,2026-08-05,혼잡
2026-08-05 12:00:00,1.0,1.0,66.02,56.08,detect,detect,Normal,False,False,False,False,False,12,0,2,Wednesday,2026-08-05,보통
2026-08-05 12:05:00,1.0,0.0,81.52,69.83,detect,detect,Normal,False,False,False,False,False,12,5,2,Wednesday,2026-08-05,보통
2026-08-05 12:10:00,0.0,0.0,157.4,157.33,none,none,Not crowded,False,False,False,False,False,12,10,2,Wednesday,2026-08-05,여유
2026-08-05 12:15:00,0.0,0.0,147.49,142.22,none,none,Not crowded,False,False,False,False,False,12,15,2,Wednesday,2026-08-05,여유
2026-08-05 12:20:00,0.0,0.0,155.2,157.85,none,none,Not crowded,False,False,False,False,False,12,20,2,Wednesday,2026-08-05,여유
2026-08-05 12:25:00,0.0,0.0,140.86,156.64,none,none,Not crowded,False,False,False,False,False,12,25,2,Wednesday,2026-08-05,여유
2026-08-05 12:30:00,0.0,0.0,156.47,154.21,none,none,Not crowded,False,False,False,False,False,12,30,2,Wednesday,2026-08-05,여유
2026-08-05 12:35:00,0.0,0.0,146.55,156.98,none,none,Not crowded,False,False,False,False,False,12,35,2,Wednesday,2026-08-05,여유
2026-08-05 12:40:00,0.0,0.0,136.83,131.91,none,none,Not crowded,False,False,False,False,False,12,40,2,Wednesday,2026-08-05,여유
2026-08-05 12:45:00,0.0,0.0,135.16,142.09,none,none,Not crowded,False,False,False,False,False,12,45,2,Wednesday,2026-08-05,여유
2026-08-05 12:50:00,0.0,0.0,155.58,132.79,none,none,Not crowded,False,False,False,False,False,12,50,2,Wednesday,2026-08-05,여유
2026-08-05 12:55:00,0.0,0.0,146.18,136.88,none,none,Not crowded,False,False,False,False,False,12,55,2,Wednesday,2026-08-05,여유
2026-08-05 13:00:00,0.0,0.0,143.46,147.76,none,none,Not crowded,False,False,False,False,False,13,0,2,Wednesday,2026-08-05,여유
2026-08-05 13:05:00,0.0,0.0,146.9,131.19,none,none,Not crowded,False,False,False,False,False,13,5,2,Wednesday,2026-08-05,여유
2026-08-05 13:10:00,0.0,0.0,144.5,154.94,none,none,Not crowded,False,False,False,False,False,13,10,2,Wednesday,2026-08-05,여유
2026-08-05 13:15:00,0.0,0.0,154.05,153.35,none,none,Not crowded,False,False,False,False,False,13,15,2,Wednesday,2026-08-05,여유
2026-08-05 13:20:00,0.0,0.0,140.46,153.66,none,none,Not crowded,False,False,False,False,False,13,20,2,Wednesday,2026-08-05,여유
2026-08-05 13:25:00,0.0,0.0,138.04,136.67,none,none,Not crowded,False,False,False,False,False,13,25,2,Wednesday,2026-08-05,여유
2026-08-05 13:30:00,0.0,0.0,154.64,147.38,none,none,Not crowded,False,False,False,False,False,13,30,2,Wednesday,2026-08-05,여유
2026-08-05 13:35:00,0.0,0.0,149.03,136.85,none,none,Not crowded,False,False,False,False,False,13,35,2,Wednesday,2026-08-05,여유
2026-08-05 13:40:00,0.0,0.0,136.74,138.13,none,none,Not crowded,False,False,False,False,False,13,40,2,Wednesday,2026-08-05,여유
2026-08-05 13:45:00,0.0,0.0,154.4,148.04,none,none,Not crowded,False,False,False,False,False,13,45,2,Wednesday,2026-08-05,여유
2026-08-05 13:50:00,0.0,0.0,134.16,136.21,none,none,Not crowded,False,False,False,False,False,13,50,2,Wednesday,2026-08-05,여유
2026-08-05 13:55:00,0.0,0.0,152.62,142.37,none,none,Not crowded,False,False,False,False,False,13,55,2,Wednesday,2026-08-05,여유
2026-08-05 14:00:00,0.0,0.0,144.81,152.73,none,none,Not crowded,False,False,False,False,False,14,0,2,Wednesday,2026-08-05,여유
2026-08-05 14:05:00,0.0,0.0,153.38,141.17,none,none,Not crowded,False,False,False,False,False,14,5,2,Wednesday,2026-08-05,여유
2026-08-05 14:10:00,0.0,0.0,138.71,155.76,none,none,Not crowded,False,False,False,False,False,14,10,2,Wednesday,2026-08-05,여유
2026-08-05 14:15:00,0.0,0.0,145.81,134.04,none,none,Not crowded,False,False,False,False,False,14,15,2,Wednesday,2026-08-05,여유
2026-08-05 14:20:00,0.0,0.0,152.86,144.08,none,none,Not crowded,False,False,False,False,False,14,20,2,Wednesday,2026-08-05,여유
2026-08-05 14:25:00,0.0,0.0,131.38,151.39,none,none,Not crowded,False,False,False,False,False,14,25,2,Wednesday,2026-08-05,여유
2026-08-05 14:30:00,1.0,1.0,77.35,50.71,detect,detect,Normal,False,False,False,False,False,14,30,2,Wednesday,2026-08-05,보통
2026-08-05 14:35:00,1.0,0.0,61.71,71.58,detect,detect,Normal,False,False,False,False,False,14,35,2,Wednesday,2026-08-05,보통
2026-08-05 14:40:00,1.0,1.0,17.18,7.87,detect,detect,Crowded,False,False,False,False,False,14,40,2,Wednesday,2026-08-05,혼잡
2026-08-05 14:45:00,1.0,1.0,11.77,12.91,detect,detect,Crowded,False,False,False,False,False,14,45,2,Wednesday,2026-08-05,혼잡
2026-08-05 14:50:00,1.0,1.0,8.49,16.07,detect,detect,Crowded,False,False,False,False,False,14,50,2,Wednesday,2026-08-05,혼잡
2026-08-05 14:55:00,1.0,1.0,17.44,9.51,detect,detect,Crowded,False,False,False,False,False,14,55,2,Wednesday,2026-08-05,혼잡
2026-08-05 15:00:00,1.0,1.0,82.84,64.75,detect,detect,Normal,False,False,False,False,False,15,0,2,Wednesday,2026-08-05,보통
2026-08-05 15:05:00,1.0,0.0,40.08,72.53,detect,detect,Normal,False,False,False,False,False,15,5,2,Wednesday,2026-08-05,보통
2026-08-05 15:10:00,0.0,0.0,152.02,151.29,none,none,Not crowded,False,False,False,False,False,15,10,2,Wednesday,2026-08-05,여유
2026-08-05 15:15:00,0.0,0.0,146.06,139.62,none,none,Not crowded,False,False,False,False,False,15,15,2,Wednesday,2026-08-05,여유
2026-08-05 15:20:00,0.0,0.0,140.31,149.68,none,none,Not crowded,False,False,False,False,False,15,20,2,Wednesday,2026-08-05,여유
2026-08-05 15:25:00,0.0,0.0,158.26,150.84,none,none,Not crowded,False,False,False,False,False,15,25,2,Wednesday,2026-08-05,여유
2026-08-05 15:30:00,0.0,0.0,147.64,159.09,none,none,Not crowded,False,False,False,False,False,15,30,2,Wednesday,2026-08-05,여유
2026-08-05 15:35:00,0.0,0.0,151.34,144.76,none,none,Not crowded,False,False,False,False,False,15,35,2,Wednesday,2026-08-05,여유
2026-08-05 15:40:00,0.0,0.0,158.07,148.67,none,none,Not crowded,False,False,False,False,False,15,40,2,Wednesday,2026-08-05,여유
2026-08-05 15:45:00,0.0,0.0,147.34,153.9,none,none,Not crowded,False,False,False,False,False,15,45,2,Wednesday,2026-08-05,여유
2026-08-05 15:50:00,0.0,0.0,146.86,153.36,none,none,Not crowded,False,False,False,False,False,15,50,2,Wednesday,2026-08-05,여유
2026-08-05 15:55:00,0.0,0.0,134.29,153.25,none,none,Not crowded,False,False,False,False,False,15,55,2,Wednesday,2026-08-05,여유
2026-08-05 16:00:00,0.0,0.0,150.34,141.39,none,none,Not crowded,False,False,False,False,False,16,0,2,Wednesday,2026-08-05,여유
2026-08-05 16:05:00,0.0,0.0,159.02,158.27,none,none,Not crowded,False,False,False,False,False,16,5,2,Wednesday,2026-08-05,여유
2026-08-05 16:10:00,0.0,0.0,143.75,137.61,none,none,Not crowded,False,False,False,False,False,16,10,2,Wednesday,2026-08-05,여유
2026-08-05 16:15:00,0.0,0.0,154.56,147.48,none,none,Not crowded,False,False,False,False,False,16,15,2,Wednesday,2026-08-05,여유
2026-08-05 16:20:00,0.0,0.0,154.6,138.67,none,none,Not crowded,False,False,False,False,False,16,20,2,Wednesday,2026-08-05,여유
2026-08-05 16:25:00,0.0,0.0,143.77,150.43,none,none,Not crowded,False,False,False,False,False,16,25,2,Wednesday,2026-08-05,여유
2026-08-05 16:30:00,0.0,0.0,151.75,152.51,none,none,Not crowded,False,False,False,False,False,16,30,2,Wednesday,2026-08-05,여유
2026-08-05 16:35:00,0.0,0.0,139.39,158.79,none,none,Not crowded,False,False,False,False,False,16,35,2,Wednesday,2026-08-05,여유
2026-08-05 16:40:00,0.0,0.0,144.28,131.12,none,none,Not crowded,False,False,False,False,False,16,40,2,Wednesday,2026-08-05,여유
2026-08-05 16:45:00,0.0,0.0,156.68,157.93,none,none,Not crowded,False,False,False,False,False,16,45,2,Wednesday,2026-08-05,여유
2026-08-05 16:50:00,0.0,0.0,152.92,146.42,none,none,Not crowded,False,False,False,False,False,16,50,2,Wednesday,2026-08-05,여유
2026-08-05 16:55:00,0.0,0.0,149.22,149.04,none,none,Not crowded,False,False,False,False,False,16,55,2,Wednesday,2026-08-05,여유
2026-08-05 17:00:00,0.0,0.0,146.8,150.47,none,none,Not crowded,False,False,False,False,False,17,0,2,Wednesday,2026-08-05,여유
2026-08-05 17:05:00,0.0,0.0,141.81,135.49,none,none,Not crowded,False,False,False,False,False,17,5,2,Wednesday,2026-08-05,여유
2026-08-05 17:10:00,0.0,0.0,149.51,142.1,none,none,Not crowded,False,False,False,False,False,17,10,2,Wednesday,2026-08-05,여유
2026-08-05 17:15:00,0.0,0.0,152.11,150.59,none,none,Not crowded,False,False,False,False,False,17,15,2,Wednesday,2026-08-05,여유
2026-08-05 17:20:00,0.0,0.0,136.58,137.66,none,none,Not crowded,False,False,False,False,False,17,20,2,Wednesday,2026-08-05,여유
2026-08-05 17:25:00,0.0,0.0,137.5,149.27,none,none,Not crowded,False,False,False,False,False,17,25,2,Wednesday,2026-08-05,여유
2026-08-05 17:30:00,0.0,0.0,149.57,157.15,none,none,Not crowded,False,False,False,False,False,17,30,2,Wednesday,2026-08-05,여유
2026-08-05 17:35:00,0.0,0.0,143.87,156.29,none,none,Not crowded,False,False,False,False,False,17,35,2,Wednesday,2026-08-05,여유
2026-08-05 17:40:00,1.0,1.0,84.35,84.32,detect,detect,Normal,False,False,False,False,False,17,40,2,Wednesday,2026-08-05,보통
2026-08-05 17:45:00,1.0,0.0,65.48,52.86,detect,detect,Normal,False,False,False,False,False,17,45,2,Wednesday,2026-08-05,보통
2026-08-05 17:50:00,1.0,1.0,63.72,58.57,detect,detect,Normal,False,False,False,False,False,17,50,2,Wednesday,2026-08-05,보통
2026-08-05 17:55:00,1.0,1.0,69.84,72.04,detect,detect,Normal,False,False,False,False,False,17,55,2,Wednesday,2026-08-05,보통
2026-08-05 18:00:00,1.0,0.0,40.66,74.93,detect,detect,Normal,False,False,False,False,False,18,0,2,Wednesday,2026-08-05,보통
2026-08-05 18:05:00,1.0,1.0,81.3,48.29,detect,detect,Normal,False,False,False,False,False,18,5,2,Wednesday,2026-08-05,보통
2026-08-05 18:10:00,0.0,0.0,143.27,132.29,none,none,Not crowded,False,False,False,False,False,18,10,2,Wednesday,2026-08-05,여유
2026-08-05 18:15:00,0.0,0.0,142.53,157.51,none,none,Not crowded,False,False,False,False,False,18,15,2,Wednesday,2026-08-05,여유
2026-08-05 18:20:00,0.0,0.0,150.03,145.89,none,none,Not crowded,False,False,False,False,False,18,20,2,Wednesday,2026-08-05,여유
2026-08-05 18:25:00,0.0,0.0,143.74,151.71,none,none,Not crowded,False,False,False,False,False,18,25,2,Wednesday,2026-08-05,여유
2026-08-05 18:30:00,0.0,0.0,139.55,156.7,none,none,Not crowded,False,False,False,False,False,18,30,2,Wednesday,2026-08-05,여유
2026-08-05 18:35:00,0.0,0.0,152.51,134.71,none,none,Not crowded,False,False,False,False,False,18,35,2,Wednesday,2026-08-05,여유
2026-08-05 18:40:00,0.0,0.0,156.25,139.76,none,none,Not crowded,False,False,False,False,False,18,40,2,Wednesday,2026-08-05,여유
2026-08-05 18:45:00,0.0,0.0,139.79,145.76,none,none,Not crowded,False,False,False,False,False,18,45,2,Wednesday,2026-08-05,여유
2026-08-05 18:50:00,0.0,0.0,141.45,137.34,none,none,Not crowded,False,False,False,False,False,18,50,2,Wednesday,2026-08-05,여유
2026-08-05 18:55:00,0.0,0.0,138.47,136.89,none,none,Not crowded,False,False,False,False,False,18,55,2,Wednesday,2026-08-05,여유
2026-08-05 19:00:00,0.0,0.0,149.8,136.08,none,none,Not crowded,False,False,False,False,False,19,0,2,Wednesday,2026-08-05,여유
2026-08-05 19:05:00,0.0,0.0,132.9,142.58,none,none,Not crowded,False,False,False,False,False,19,5,2,Wednesday,2026-08-05,여유
2026-08-05 19:10:00,0.0,0.0,139.94,138.64,none,none,Not crowded,False,False,False,False,False,19,10,2,Wednesday,2026-08-05,여유
2026-08-05 19:15:00,0.0,0.0,147.15,139.85,none,none,Not crowded,False,False,False,False,False,19,15,2,Wednesday,2026-08-05,여유
2026-08-05 19:20:00,0.0,0.0,142.31,134.09,none,none,Not crowded,False,False,False,False,False,19,20,2,Wednesday,2026-08-05,여유
2026-08-05 19:25:00,0.0,0.0,150.25,134.02,none,none,Not crowded,False,False,False,False,False,19,25,2,Wednesday,2026-08-05,여유
2026-08-05 19:30:00,0.0,0.0,139.88,152.88,none,none,Not crowded,False,False,False,False,False,19,30,2,Wednesday,2026-08-05,여유
2026-08-05 19:35:00,0.0,0.0,151.75,156.79,none,none,Not crowded,False,False,False,False,False,19,35,2,Wednesday,2026-08-05,여유
2026-08-05 19:40:00,0.0,0.0,151.02,159.02,none,none,Not crowded,False,False,False,False,False,19,40,2,Wednesday,2026-08-05,여유
2026-08-05 19:45:00,0.0,0.0,140.28,139.7,none,none,Not crowded,False,False,False,False,False,19,45,2,Wednesday,2026-08-05,여유
2026-08-05 19:50:00,0.0,0.0,148.59,142.08,none,none,Not crowded,False,False,False,False,False,19,50,2,Wednesday,2026-08-05,여유
2026-08-05 19:55:00,0.0,0.0,133.56,140.97,none,none,Not crowded,False,False,False,False,False,19,55,2,Wednesday,2026-08-05,여유
2026-08-05 20:00:00,0.0,0.0,154.65,150.27,none,none,Not crowded,False,False,False,False,False,20,0,2,Wednesday,2026-08-05,여유
2026-08-05 20:05:00,0.0,0.0,158.8,149.68,none,none,Not crowded,False,False,False,False,False,20,5,2,Wednesday,2026-08-05,여유
2026-08-05 20:10:00,0.0,0.0,136.95,143.41,none,none,Not crowded,False,False,False,False,False,20,10,2,Wednesday,2026-08-05,여유
2026-08-05 20:15:00,0.0,0.0,146.75,154.93,none,none,Not crowded,False,False,False,False,False,20,15,2,Wednesday,2026-08-05,여유
2026-08-05 20:20:00,0.0,0.0,145.0,155.35,none,none,Not crowded,False,False,False,False,False,20,20,2,Wednesday,2026-08-05,여유
2026-08-05 20:25:00,0.0,0.0,151.67,155.75,none,none,Not crowded,False,False,False,False,False,20,25,2,Wednesday,2026-08-05,여유
2026-08-05 20:30:00,0.0,0.0,131.41,150.61,none,none,Not crowded,False,False,False,False,False,20,30,2,Wednesday,2026-08-05,여유
2026-08-05 20:35:00,0.0,0.0,138.71,152.52,none,none,Not crowded,False,False,False,False,False,20,35,2,Wednesday,2026-08-05,여유
2026-08-05 20:40:00,0.0,0.0,140.38,134.46,none,none,Not crowded,False,False,False,False,False,20,40,2,Wednesday,2026-08-05,여유
2026-08-05 20:45:00,0.0,0.0,155.89,146.15,none,none,Not crowded,False,False,False,False,False,20,45,2,Wednesday,2026-08-05,여유
2026-08-05 20:50:00,0.0,0.0,136.7,130.77,none,none,Not crowded,False,False,False,False,False,20,50,2,Wednesday,2026-08-05,여유
2026-08-05 20:55:00,0.0,0.0,133.52,157.01,none,none,Not crowded,False,False,False,False,False,20,55,2,Wednesday,2026-08-05,여유
2026-08-05 21:00:00,0.0,0.0,154.42,135.37,none,none,Not crowded,False,False,False,False,False,21,0,2,Wednesday,2026-08-05,여유
2026-08-05 21:05:00,0.0,0.0,154.53,157.97,none,none,Not crowded,False,False,False,False,False,21,5,2,Wednesday,2026-08-05,여유
2026-08-05 21:10:00,0.0,0.0,157.36,131.58,none,none,Not crowded,False,False,False,False,False,21,10,2,Wednesday,2026-08-05,여유
2026-08-05 21:15:00,0.0,0.0,148.72,132.28,none,none,Not crowded,False,False,False,False,False,21,15,2,Wednesday,2026-08-05,여유
2026-08-05 21:20:00,0.0,0.0,135.09,155.86,none,none,Not crowded,False,False,False,False,False,21,20,2,Wednesday,2026-08-05,여유
2026-08-05 21:25:00,0.0,0.0,138.26,146.57,none,none,Not crowded,False,False,False,False,False,21,25,2,Wednesday,2026-08-05,여유
2026-08-05 21:30:00,0.0,0.0,134.58,132.46,none,none,Not crowded,False,False,False,False,False,21,30,2,Wednesday,2026-08-05,여유
2026-08-05 21:35:00,0.0,0.0,131.75,143.52,none,none,Not crowded,False,False,False,False,False,21,35,2,Wednesday,2026-08-05,여유
2026-08-05 21:40:00,0.0,0.0,153.37,134.59,none,none,Not crowded,False,False,False,False,False,21,40,2,Wednesday,2026-08-05,여유
2026-08-05 21:45:00,0.0,0.0,132.09,153.44,none,none,Not crowded,False,False,False,False,False,21,45,2,Wednesday,2026-08-05,여유
2026-08-05 21:50:00,0.0,0.0,143.62,138.72,none,none,Not crowded,False,False,False,False,False,21,50,2,Wednesday,2026-08-05,여유
2026-08-05 21:55:00,0.0,0.0,131.01,156.79,none,none,Not crowded,False,False,False,False,False,21,55,2,Wednesday,2026-08-05,여유
2026-08-05 22:00:00,0.0,0.0,148.57,153.27,none,none,Not crowded,False,False,False,False,False,22,0,2,Wednesday,2026-08-05,여유
2026-08-05 22:05:00,0.0,0.0,135.64,131.76,none,none,Not crowded,False,False,False,False,False,22,5,2,Wednesday,2026-08-05,여유
2026-08-05 22:10:00,0.0,0.0,159.86,152.92,none,none,Not crowded,False,False,False,False,False,22,10,2,Wednesday,2026-08-05,여유
2026-08-05 22:15:00,0.0,0.0,141.89,137.59,none,none,Not crowded,False,False,False,False,False,22,15,2,Wednesday,2026-08-05,여유
2026-08-05 22:20:00,0.0,0.0,151.3,152.08,none,none,Not crowded,False,False,False,False,False,22,20,2,Wednesday,2026-08-05,여유
2026-08-05 22:25:00,0.0,0.0,132.71,141.35,none,none,Not crowded,False,False,False,False,False,22,25,2,Wednesday,2026-08-05,여유
2026-08-05 22:30:00,0.0,0.0,138.04,147.76,none,none,Not crowded,False,False,False,False,False,22,30,2,Wednesday,2026-08-05,여유
2026-08-05 22:35:00,0.0,0.0,144.01,149.9,none,none,Not crowded,False,False,False,False,False,22,35,2,Wednesday,2026-08-05,여유
2026-08-05 22:40:00,0.0,0.0,154.95,135.72,none,none,Not crowded,False,False,False,False,False,22,40,2,Wednesday,2026-08-05,여유
2026-08-05 22:45:00,0.0,0.0,155.76,133.9,none,none,Not crowded,False,False,False,False,False,22,45,2,Wednesday,2026-08-05,여유
2026-08-05 22:50:00,0.0,0.0,139.38,147.81,none,none,Not crowded,False,False,False,False,False,22,50,2,Wednesday,2026-08-05,여유
2026-08-05 22:55:00,0.0,0.0,150.19,157.87,none,none,Not crowded,False,False,False,False,False,22,55,2,Wednesday,2026-08-05,여유
2026-08-05 23:00:00,0.0,0.0,157.43,156.48,none,none,Not crowded,False,False,False,False,False,23,0,2,Wednesday,2026-08-05,여유
2026-08-05 23:05:00,0.0,0.0,135.43,158.45,none,none,Not crowded,False,False,False,False,False,23,5,2,Wednesday,2026-08-05,여유
2026-08-05 23:10:00,0.0,0.0,139.61,145.46,none,none,Not crowded,False,False,False,False,False,23,10,2,Wednesday,2026-08-05,여유
2026-08-05 23:15:00,0.0,0.0,155.45,159.43,none,none,Not crowded,False,False,False,False,False,23,15,2,Wednesday,2026-08-05,여유
2026-08-05 23:20:00,0.0,0.0,132.64,158.21,none,none,Not crowded,False,False,False,False,False,23,20,2,Wednesday,2026-08-05,여유
2026-08-05 23:25:00,0.0,0.0,148.17,147.1,none,none,Not crowded,False,False,False,False,False,23,25,2,Wednesday,2026-08-05,여유
2026-08-05 23:30:00,0.0,0.0,142.17,154.85,none,none,Not crowded,False,False,False,False,False,23,30,2,Wednesday,2026-08-05,여유
2026-08-05 23:35:00,0.0,0.0,137.73,136.89,none,none,Not crowded,False,False,False,False,False,23,35,2,Wednesday,2026-08-05,여유
2026-08-05 23:40:00,0.0,0.0,134.24,137.51,none,none,Not crowded,False,False,False,False,False,23,40,2,Wednesday,2026-08-05,여유
2026-08-05 23:45:00,0.0,0.0,152.38,159.25,none,none,Not crowded,False,False,False,False,False,23,45,2,Wednesday,2026-08-05,여유
2026-08-05 23:50:00,0.0,0.0,151.52,152.27,none,none,Not crowded,False,False,False,False,False,23,50,2,Wednesday,2026-08-05,여유
2026-08-05 23:55:00,0.0,0.0,137.31,151.48,none,none,Not crowded,False,False,False,False,False,23,55,2,Wednesday,2026-08-05,여유
2026-08-06 00:00:00,0.0,0.0,139.42,142.34,none,none,Not crowded,False,False,False,False,False,0,0,3,Thursday,2026-08-06,여유
2026-08-06 00:05:00,0.0,0.0,130.24,146.39,none,none,Not crowded,False,False,False,False,False,0,5,3,Thursday,2026-08-06,여유
2026-08-06 00:10:00,0.0,0.0,153.34,146.78,none,none,Not crowded,False,False,False,False,False,0,10,3,Thursday,2026-08-06,여유
2026-08-06 00:15:00,0.0,0.0,147.0,137.6,none,none,Not crowded,False,False,False,False,False,0,15,3,Thursday,2026-08-06,여유
2026-08-06 00:20:00,0.0,0.0,157.68,136.11,none,none,Not crowded,False,False,False,False,False,0,20,3,Thursday,2026-08-06,여유
2026-08-06 00:25:00,0.0,0.0,136.83,141.61,none,none,Not crowded,False,False,False,False,False,0,25,3,Thursday,2026-08-06,여유
2026-08-06 00:30:00,0.0,0.0,150.13,133.22,none,none,Not crowded,False,False,False,False,False,0,30,3,Thursday,2026-08-06,여유
2026-08-06 00:35:00,0.0,0.0,148.79,141.89,none,none,Not crowded,False,False,False,False,False,0,35,3,Thursday,2026-08-06,여유
2026-08-06 00:40:00,0.0,0.0,149.43,159.28,none,none,Not crowded,False,False,False,False,False,0,40,3,Thursday,2026-08-06,여유
2026-08-06 00:45:00,0.0,0.0,154.08,132.6,none,none,Not crowded,False,False,False,False,False,0,45,3,Thursday,2026-08-06,여유
2026-08-06 00:50:00,0.0,0.0,144.03,157.71,none,none,Not crowded,False,False,False,False,False,0,50,3,Thursday,2026-08-06,여유
2026-08-06 00:55:00,0.0,0.0,148.21,140.78,none,none,Not crowded,False,False,False,False,False,0,55,3,Thursday,2026-08-06,여유
2026-08-06 01:00:00,0.0,0.0,130.41,137.6,none,none,Not crowded,False,False,False,False,False,1,0,3,Thursday,2026-08-06,여유
2026-08-06 01:05:00,0.0,0.0,136.5,154.17,none,none,Not crowded,False,False,False,False,False,1,5,3,Thursday,2026-08-06,여유
2026-08-06 01:10:00,0.0,0.0,141.37,132.02,none,none,Not crowded,False,False,False,False,False,1,10,3,Thursday,2026-08-06,여유
2026-08-06 01:15:00,0.0,0.0,155.84,131.86,none,none,Not crowded,False,False,False,False,False,1,15,3,Thursday,2026-08-06,여유
2026-08-06 01:20:00,0.0,0.0,156.47,158.04,none,none,Not crowded,False,False,False,False,False,1,20,3,Thursday,2026-08-06,여유
2026-08-06 01:25:00,0.0,0.0,157.26,138.01,none,none,Not crowded,False,False,False,False,False,1,25,3,Thursday,2026-08-06,여유
2026-08-06 01:30:00,0.0,0.0,153.99,158.13,none,none,Not crowded,False,False,False,False,False,1,30,3,Thursday,2026-08-06,여유
2026-08-06 01:35:00,0.0,0.0,140.83,140.14,none,none,Not crowded,False,False,False,False,False,1,35,3,Thursday,2026-08-06,여유
2026-08-06 01:40:00,0.0,0.0,144.23,144.26,none,none,Not crowded,False,False,False,False,False,1,40,3,Thursday,2026-08-06,여유
2026-08-06 01:45:00,0.0,0.0,144.64,138.94,none,none,Not crowded,False,False,False,False,False,1,45,3,Thursday,2026-08-06,여유
2026-08-06 01:50:00,0.0,0.0,150.39,150.28,none,none,Not crowded,False,False,False,False,False,1,50,3,Thursday,2026-08-06,여유
2026-08-06 01:55:00,0.0,0.0,132.02,157.79,none,none,Not crowded,False,False,False,False,False,1,55,3,Thursday,2026-08-06,여유
2026-08-06 02:00:00,0.0,0.0,157.55,142.62,none,none,Not crowded,False,False,False,False,False,2,0,3,Thursday,2026-08-06,여유
2026-08-06 02:05:00,0.0,0.0,131.68,150.7,none,none,Not crowded,False,False,False,False,False,2,5,3,Thursday,2026-08-06,여유
2026-08-06 02:10:00,0.0,0.0,156.54,156.2,none,none,Not crowded,False,False,False,False,False,2,10,3,Thursday,2026-08-06,여유
2026-08-06 02:15:00,0.0,0.0,141.71,138.54,none,none,Not crowded,False,False,False,False,False,2,15,3,Thursday,2026-08-06,여유
2026-08-06 02:20:00,0.0,0.0,131.96,156.45,none,none,Not crowded,False,False,False,False,False,2,20,3,Thursday,2026-08-06,여유
2026-08-06 02:25:00,0.0,0.0,131.75,152.35,none,none,Not crowded,False,False,False,False,False,2,25,3,Thursday,2026-08-06,여유
2026-08-06 02:30:00,0.0,0.0,148.61,133.53,none,none,Not crowded,False,False,False,False,False,2,30,3,Thursday,2026-08-06,여유
2026-08-06 02:35:00,0.0,0.0,145.26,142.71,none,none,Not crowded,False,False,False,False,False,2,35,3,Thursday,2026-08-06,여유
2026-08-06 02:40:00,0.0,0.0,151.05,159.31,none,none,Not crowded,False,False,False,False,False,2,40,3,Thursday,2026-08-06,여유
2026-08-06 02:45:00,0.0,0.0,146.48,131.15,none,none,Not crowded,False,False,False,False,False,2,45,3,Thursday,2026-08-06,여유
2026-08-06 02:50:00,0.0,0.0,143.1,131.21,none,none,Not crowded,False,False,False,False,False,2,50,3,Thursday,2026-08-06,여유
2026-08-06 02:55:00,0.0,0.0,141.64,147.92,none,none,Not crowded,False,False,False,False,False,2,55,3,Thursday,2026-08-06,여유
2026-08-06 03:00:00,0.0,0.0,142.59,144.95,none,none,Not crowded,False,False,False,False,False,3,0,3,Thursday,2026-08-06,여유
2026-08-06 03:05:00,0.0,0.0,147.02,158.61,none,none,Not crowded,False,False,False,False,False,3,5,3,Thursday,2026-08-06,여유
2026-08-06 03:10:00,0.0,0.0,150.6,157.49,none,none,Not crowded,False,False,False,False,False,3,10,3,Thursday,2026-08-06,여유
2026-08-06 03:15:00,0.0,0.0,141.86,158.45,none,none,Not crowded,False,False,False,False,False,3,15,3,Thursday,2026-08-06,여유
2026-08-06 03:20:00,0.0,0.0,149.36,139.12,none,none,Not crowded,False,False,False,False,False,3,20,3,Thursday,2026-08-06,여유
2026-08-06 03:25:00,0.0,0.0,152.78,144.87,none,none,Not crowded,False,False,False,False,False,3,25,3,Thursday,2026-08-06,여유
2026-08-06 03:30:00,0.0,0.0,131.38,155.5,none,none,Not crowded,False,False,False,False,False,3,30,3,Thursday,2026-08-06,여유
2026-08-06 03:35:00,0.0,0.0,157.53,153.16,none,none,Not crowded,False,False,False,False,False,3,35,3,Thursday,2026-08-06,여유
2026-08-06 03:40:00,0.0,0.0,134.57,134.33,none,none,Not crowded,False,False,False,False,False,3,40,3,Thursday,2026-08-06,여유
2026-08-06 03:45:00,0.0,0.0,148.86,141.07,none,none,Not crowded,False,False,False,False,False,3,45,3,Thursday,2026-08-06,여유
2026-08-06 03:50:00,0.0,0.0,132.03,130.92,none,none,Not crowded,False,False,False,False,False,3,50,3,Thursday,2026-08-06,여유
2026-08-06 03:55:00,0.0,0.0,157.93,136.51,none,none,Not crowded,False,False,False,False,False,3,55,3,Thursday,2026-08-06,여유
2026-08-06 04:00:00,0.0,0.0,156.96,146.09,none,none,Not crowded,False,False,False,False,False,4,0,3,Thursday,2026-08-06,여유
2026-08-06 04:05:00,0.0,0.0,132.84,151.65,none,none,Not crowded,False,False,False,False,False,4,5,3,Thursday,2026-08-06,여유
2026-08-06 04:10:00,0.0,0.0,144.92,138.89,none,none,Not crowded,False,False,False,False,False,4,10,3,Thursday,2026-08-06,여유
2026-08-06 04:15:00,0.0,0.0,147.25,154.19,none,none,Not crowded,False,False,False,False,False,4,15,3,Thursday,2026-08-06,여유
2026-08-06 04:20:00,0.0,0.0,135.6,133.12,none,none,Not crowded,False,False,False,False,False,4,20,3,Thursday,2026-08-06,여유
2026-08-06 04:25:00,0.0,0.0,159.93,137.64,none,none,Not crowded,False,False,False,False,False,4,25,3,Thursday,2026-08-06,여유
2026-08-06 04:30:00,0.0,0.0,140.32,152.62,none,none,Not crowded,False,False,False,False,False,4,30,3,Thursday,2026-08-06,여유
2026-08-06 04:35:00,0.0,0.0,141.19,146.55,none,none,Not crowded,False,False,False,False,False,4,35,3,Thursday,2026-08-06,여유
2026-08-06 04:40:00,0.0,0.0,148.42,150.16,none,none,Not crowded,False,False,False,False,False,4,40,3,Thursday,2026-08-06,여유
2026-08-06 04:45:00,0.0,0.0,136.9,141.55,none,none,Not crowded,False,False,False,False,False,4,45,3,Thursday,2026-08-06,여유
2026-08-06 04:50:00,0.0,0.0,136.34,150.64,none,none,Not crowded,False,False,False,False,False,4,50,3,Thursday,2026-08-06,여유
2026-08-06 04:55:00,0.0,0.0,140.8,150.1,none,none,Not crowded,False,False,False,False,False,4,55,3,Thursday,2026-08-06,여유
2026-08-06 05:00:00,0.0,0.0,138.19,147.13,none,none,Not crowded,False,False,False,False,False,5,0,3,Thursday,2026-08-06,여유
2026-08-06 05:05:00,0.0,0.0,143.01,149.87,none,none,Not crowded,False,False,False,False,False,5,5,3,Thursday,2026-08-06,여유
2026-08-06 05:10:00,0.0,0.0,134.98,147.56,none,none,Not crowded,False,False,False,False,False,5,10,3,Thursday,2026-08-06,여유
2026-08-06 05:15:00,0.0,0.0,156.52,130.74,none,none,Not crowded,False,False,False,False,False,5,15,3,Thursday,2026-08-06,여유
2026-08-06 05:20:00,0.0,0.0,138.48,156.7,none,none,Not crowded,False,False,False,False,False,5,20,3,Thursday,2026-08-06,여유
2026-08-06 05:25:00,0.0,0.0,159.07,152.13,none,none,Not crowded,False,False,False,False,False,5,25,3,Thursday,2026-08-06,여유
2026-08-06 05:30:00,0.0,0.0,135.62,136.18,none,none,Not crowded,False,False,False,False,False,5,30,3,Thursday,2026-08-06,여유
2026-08-06 05:35:00,0.0,0.0,135.1,144.71,none,none,Not crowded,False,False,False,False,False,5,35,3,Thursday,2026-08-06,여유
2026-08-06 05:40:00,0.0,0.0,148.46,152.9,none,none,Not crowded,False,False,False,False,False,5,40,3,Thursday,2026-08-06,여유
2026-08-06 05:45:00,0.0,0.0,142.33,134.89,none,none,Not crowded,False,False,False,False,False,5,45,3,Thursday,2026-08-06,여유
2026-08-06 05:50:00,0.0,0.0,131.55,155.04,none,none,Not crowded,False,False,False,False,False,5,50,3,Thursday,2026-08-06,여유
2026-08-06 05:55:00,0.0,0.0,137.01,150.4,none,none,Not crowded,False,False,False,False,False,5,55,3,Thursday,2026-08-06,여유
2026-08-06 06:00:00,0.0,0.0,144.78,134.59,none,none,Not crowded,False,False,False,False,False,6,0,3,Thursday,2026-08-06,여유
2026-08-06 06:05:00,0.0,0.0,144.6,139.88,none,none,Not crowded,False,False,False,False,False,6,5,3,Thursday,2026-08-06,여유
2026-08-06 06:10:00,0.0,0.0,158.36,136.41,none,none,Not crowded,False,False,False,False,False,6,10,3,Thursday,2026-08-06,여유
2026-08-06 06:15:00,0.0,0.0,137.31,158.71,none,none,Not crowded,False,False,False,False,False,6,15,3,Thursday,2026-08-06,여유
2026-08-06 06:20:00,0.0,0.0,137.16,133.9,none,none,Not crowded,False,False,False,False,False,6,20,3,Thursday,2026-08-06,여유
2026-08-06 06:25:00,0.0,0.0,139.36,150.29,none,none,Not crowded,False,False,False,False,False,6,25,3,Thursday,2026-08-06,여유
2026-08-06 06:30:00,0.0,0.0,154.04,139.32,none,none,Not crowded,False,False,False,False,False,6,30,3,Thursday,2026-08-06,여유
2026-08-06 06:35:00,0.0,0.0,131.92,134.51,none,none,Not crowded,False,False,False,False,False,6,35,3,Thursday,2026-08-06,여유
2026-08-06 06:40:00,0.0,0.0,146.42,153.8,none,none,Not crowded,False,False,False,False,False,6,40,3,Thursday,2026-08-06,여유
2026-08-06 06:45:00,0.0,0.0,131.68,137.61,none,none,Not crowded,False,False,False,False,False,6,45,3,Thursday,2026-08-06,여유
2026-08-06 06:50:00,0.0,0.0,157.77,138.77,none,none,Not crowded,False,False,False,False,False,6,50,3,Thursday,2026-08-06,여유
2026-08-06 06:55:00,0.0,0.0,140.91,144.66,none,none,Not crowded,False,False,False,False,False,6,55,3,Thursday,2026-08-06,여유
2026-08-06 07:00:00,0.0,0.0,145.52,147.38,none,none,Not crowded,False,False,False,False,False,7,0,3,Thursday,2026-08-06,여유
2026-08-06 07:05:00,0.0,0.0,153.45,156.73,none,none,Not crowded,False,False,False,False,False,7,5,3,Thursday,2026-08-06,여유
2026-08-06 07:10:00,0.0,0.0,158.1,147.22,none,none,Not crowded,False,False,False,False,False,7,10,3,Thursday,2026-08-06,여유
2026-08-06 07:15:00,0.0,0.0,144.18,137.44,none,none,Not crowded,False,False,False,False,False,7,15,3,Thursday,2026-08-06,여유
2026-08-06 07:20:00,0.0,0.0,158.78,138.15,none,none,Not crowded,False,False,False,False,False,7,20,3,Thursday,2026-08-06,여유
2026-08-06 07:25:00,0.0,0.0,146.14,132.68,none,none,Not crowded,False,False,False,False,False,7,25,3,Thursday,2026-08-06,여유
2026-08-06 07:30:00,0.0,0.0,150.29,149.54,none,none,Not crowded,False,False,False,False,False,7,30,3,Thursday,2026-08-06,여유
2026-08-06 07:35:00,0.0,0.0,139.97,147.59,none,none,Not crowded,False,False,False,False,False,7,35,3,Thursday,2026-08-06,여유
2026-08-06 07:40:00,0.0,0.0,151.07,150.56,none,none,Not crowded,False,False,False,False,False,7,40,3,Thursday,2026-08-06,여유
2026-08-06 07:45:00,0.0,0.0,143.27,153.45,none,none,Not crowded,False,False,False,False,False,7,45,3,Thursday,2026-08-06,여유
2026-08-06 07:50:00,0.0,0.0,146.13,143.79,none,none,Not crowded,False,False,False,False,False,7,50,3,Thursday,2026-08-06,여유
2026-08-06 07:55:00,0.0,0.0,141.4,149.33,none,none,Not crowded,False,False,False,False,False,7,55,3,Thursday,2026-08-06,여유
2026-08-06 08:00:00,0.0,0.0,132.36,138.16,none,none,Not crowded,False,False,False,False,False,8,0,3,Thursday,2026-08-06,여유
2026-08-06 08:05:00,0.0,0.0,146.87,149.2,none,none,Not crowded,False,False,False,False,False,8,5,3,Thursday,2026-08-06,여유
2026-08-06 08:10:00,0.0,0.0,132.97,134.58,none,none,Not crowded,False,False,False,False,False,8,10,3,Thursday,2026-08-06,여유
2026-08-06 08:15:00,0.0,0.0,147.31,158.49,none,none,Not crowded,False,False,False,False,False,8,15,3,Thursday,2026-08-06,여유
2026-08-06 08:20:00,0.0,0.0,134.03,149.74,none,none,Not crowded,False,False,False,False,False,8,20,3,Thursday,2026-08-06,여유
2026-08-06 08:25:00,0.0,0.0,141.83,143.66,none,none,Not crowded,False,False,False,False,False,8,25,3,Thursday,2026-08-06,여유
2026-08-06 08:30:00,1.0,0.0,45.49,57.31,detect,detect,Normal,False,False,False,False,False,8,30,3,Thursday,2026-08-06,보통
2026-08-06 08:35:00,1.0,1.0,59.34,53.01,detect,detect,Normal,False,False,False,False,False,8,35,3,Thursday,2026-08-06,보통
2026-08-06 08:40:00,1.0,1.0,10.87,14.88,detect,detect,Crowded,False,False,False,False,False,8,40,3,Thursday,2026-08-06,혼잡
2026-08-06 08:45:00,1.0,1.0,8.31,6.6,detect,detect,Crowded,False,False,False,False,False,8,45,3,Thursday,2026-08-06,혼잡
2026-08-06 08:50:00,1.0,1.0,16.4,12.92,detect,detect,Crowded,False,False,False,False,False,8,50,3,Thursday,2026-08-06,혼잡
2026-08-06 08:55:00,1.0,1.0,17.91,11.98,detect,detect,Crowded,False,False,False,False,False,8,55,3,Thursday,2026-08-06,혼잡
2026-08-06 09:00:00,1.0,1.0,83.03,41.25,detect,detect,Normal,False,False,False,False,False,9,0,3,Thursday,2026-08-06,보통
2026-08-06 09:05:00,1.0,1.0,63.65,61.33,detect,detect,Normal,False,False,False,False,False,9,5,3,Thursday,2026-08-06,보통
2026-08-06 09:10:00,0.0,0.0,139.23,144.08,none,none,Not crowded,False,False,False,False,False,9,10,3,Thursday,2026-08-06,여유
2026-08-06 09:15:00,0.0,0.0,150.8,130.9,none,none,Not crowded,False,False,False,False,False,9,15,3,Thursday,2026-08-06,여유
2026-08-06 09:20:00,0.0,0.0,133.78,158.62,none,none,Not crowded,False,False,False,False,False,9,20,3,Thursday,2026-08-06,여유
2026-08-06 09:25:00,0.0,0.0,132.47,134.79,none,none,Not crowded,False,False,False,False,False,9,25,3,Thursday,2026-08-06,여유
2026-08-06 09:30:00,0.0,0.0,135.41,142.0,none,none,Not crowded,False,False,False,False,False,9,30,3,Thursday,2026-08-06,여유
2026-08-06 09:35:00,0.0,0.0,147.82,141.89,none,none,Not crowded,False,False,False,False,False,9,35,3,Thursday,2026-08-06,여유
2026-08-06 09:40:00,0.0,0.0,152.97,150.44,none,none,Not crowded,False,False,False,False,False,9,40,3,Thursday,2026-08-06,여유
2026-08-06 09:45:00,0.0,0.0,145.85,141.7,none,none,Not crowded,False,False,False,False,False,9,45,3,Thursday,2026-08-06,여유
2026-08-06 09:50:00,0.0,0.0,145.41,130.84,none,none,Not crowded,False,False,False,False,False,9,50,3,Thursday,2026-08-06,여유
2026-08-06 09:55:00,0.0,0.0,144.85,131.81,none,none,Not crowded,False,False,False,False,False,9,55,3,Thursday,2026-08-06,여유
2026-08-06 10:00:00,0.0,0.0,147.06,141.1,none,none,Not crowded,False,False,False,False,False,10,0,3,Thursday,2026-08-06,여유
2026-08-06 10:05:00,0.0,0.0,143.76,153.69,none,none,Not crowded,False,False,False,False,False,10,5,3,Thursday,2026-08-06,여유
2026-08-06 10:10:00,0.0,0.0,157.91,130.01,none,none,Not crowded,False,False,False,False,False,10,10,3,Thursday,2026-08-06,여유
2026-08-06 10:15:00,0.0,0.0,143.13,152.29,none,none,Not crowded,False,False,False,False,False,10,15,3,Thursday,2026-08-06,여유
2026-08-06 10:20:00,0.0,0.0,149.59,142.17,none,none,Not crowded,False,False,False,False,False,10,20,3,Thursday,2026-08-06,여유
2026-08-06 10:25:00,0.0,0.0,138.74,138.87,none,none,Not crowded,False,False,False,False,False,10,25,3,Thursday,2026-08-06,여유
2026-08-06 10:30:00,0.0,0.0,152.07,135.94,none,none,Not crowded,False,False,False,False,False,10,30,3,Thursday,2026-08-06,여유
2026-08-06 10:35:00,0.0,0.0,158.87,144.24,none,none,Not crowded,False,False,False,False,False,10,35,3,Thursday,2026-08-06,여유
2026-08-06 10:40:00,0.0,0.0,152.26,156.87,none,none,Not crowded,False,False,False,False,False,10,40,3,Thursday,2026-08-06,여유
2026-08-06 10:45:00,0.0,0.0,159.06,148.03,none,none,Not crowded,False,False,False,False,False,10,45,3,Thursday,2026-08-06,여유
2026-08-06 10:50:00,0.0,0.0,151.28,157.8,none,none,Not crowded,False,False,False,False,False,10,50,3,Thursday,2026-08-06,여유
2026-08-06 10:55:00,0.0,0.0,147.28,157.44,none,none,Not crowded,False,False,False,False,False,10,55,3,Thursday,2026-08-06,여유
2026-08-06 11:00:00,0.0,0.0,141.84,140.58,none,none,Not crowded,False,False,False,False,False,11,0,3,Thursday,2026-08-06,여유
2026-08-06 11:05:00,0.0,0.0,138.76,138.88,none,none,Not crowded,False,False,False,False,False,11,5,3,Thursday,2026-08-06,여유
2026-08-06 11:10:00,0.0,0.0,158.81,136.57,none,none,Not crowded,False,False,False,False,False,11,10,3,Thursday,2026-08-06,여유
2026-08-06 11:15:00,0.0,0.0,144.97,136.21,none,none,Not crowded,False,False,False,False,False,11,15,3,Thursday,2026-08-06,여유
2026-08-06 11:20:00,0.0,0.0,150.7,152.52,none,none,Not crowded,False,False,False,False,False,11,20,3,Thursday,2026-08-06,여유
2026-08-06 11:25:00,0.0,0.0,143.87,136.96,none,none,Not crowded,False,False,False,False,False,11,25,3,Thursday,2026-08-06,여유
2026-08-06 11:30:00,1.0,1.0,47.16,71.69,detect,detect,Normal,False,False,False,False,False,11,30,3,Thursday,2026-08-06,보통
2026-08-06 11:35:00,1.0,1.0,61.85,51.88,detect,detect,Normal,False,False,False,False,False,11,35,3,Thursday,2026-08-06,보통
2026-08-06 11:40:00,1.0,1.0,14.15,14.32,detect,detect,Crowded,False,False,False,False,False,11,40,3,Thursday,2026-08-06,혼잡
2026-08-06 11:45:00,1.0,1.0,5.73,10.37,detect,detect,Crowded,False,False,False,False,False,11,45,3,Thursday,2026-08-06,혼잡
2026-08-06 11:50:00,1.0,1.0,16.21,14.45,detect,detect,Crowded,False,False,False,False,False,11,50,3,Thursday,2026-08-06,혼잡
2026-08-06 11:55:00,1.0,1.0,17.7,13.37,detect,detect,Crowded,False,False,False,False,False,11,55,3,Thursday,2026-08-06,혼잡
2026-08-06 12:00:00,1.0,0.0,59.44,65.47,detect,detect,Normal,False,False,False,False,False,12,0,3,Thursday,2026-08-06,보통
2026-08-06 12:05:00,1.0,1.0,41.44,64.85,detect,detect,Normal,False,False,False,False,False,12,5,3,Thursday,2026-08-06,보통
2026-08-06 12:10:00,0.0,0.0,154.81,143.69,none,none,Not crowded,False,False,False,False,False,12,10,3,Thursday,2026-08-06,여유
2026-08-06 12:15:00,0.0,0.0,146.56,153.88,none,none,Not crowded,False,False,False,False,False,12,15,3,Thursday,2026-08-06,여유
2026-08-06 12:20:00,0.0,0.0,153.12,158.1,none,none,Not crowded,False,False,False,False,False,12,20,3,Thursday,2026-08-06,여유
2026-08-06 12:25:00,0.0,0.0,151.61,139.4,none,none,Not crowded,False,False,False,False,False,12,25,3,Thursday,2026-08-06,여유
2026-08-06 12:30:00,0.0,0.0,146.08,143.97,none,none,Not crowded,False,False,False,False,False,12,30,3,Thursday,2026-08-06,여유
2026-08-06 12:35:00,0.0,0.0,159.12,147.48,none,none,Not crowded,False,False,False,False,False,12,35,3,Thursday,2026-08-06,여유
2026-08-06 12:40:00,0.0,0.0,157.81,140.44,none,none,Not crowded,False,False,False,False,False,12,40,3,Thursday,2026-08-06,여유
2026-08-06 12:45:00,0.0,0.0,140.08,137.51,none,none,Not crowded,False,False,False,False,False,12,45,3,Thursday,2026-08-06,여유
2026-08-06 12:50:00,0.0,0.0,147.04,159.51,none,none,Not crowded,False,False,False,False,False,12,50,3,Thursday,2026-08-06,여유
2026-08-06 12:55:00,0.0,0.0,136.81,149.14,none,none,Not crowded,False,False,False,False,False,12,55,3,Thursday,2026-08-06,여유
2026-08-06 13:00:00,0.0,0.0,131.81,132.6,none,none,Not crowded,False,False,False,False,False,13,0,3,Thursday,2026-08-06,여유
2026-08-06 13:05:00,0.0,0.0,153.95,133.29,none,none,Not crowded,False,False,False,False,False,13,5,3,Thursday,2026-08-06,여유
2026-08-06 13:10:00,0.0,0.0,139.9,156.36,none,none,Not crowded,False,False,False,False,False,13,10,3,Thursday,2026-08-06,여유
2026-08-06 13:15:00,0.0,0.0,157.04,153.85,none,none,Not crowded,False,False,False,False,False,13,15,3,Thursday,2026-08-06,여유
2026-08-06 13:20:00,0.0,0.0,154.16,143.66,none,none,Not crowded,False,False,False,False,False,13,20,3,Thursday,2026-08-06,여유
2026-08-06 13:25:00,0.0,0.0,130.67,151.43,none,none,Not crowded,False,False,False,False,False,13,25,3,Thursday,2026-08-06,여유
2026-08-06 13:30:00,0.0,0.0,143.65,137.18,none,none,Not crowded,False,False,False,False,False,13,30,3,Thursday,2026-08-06,여유
2026-08-06 13:35:00,0.0,0.0,151.09,156.38,none,none,Not crowded,False,False,False,False,False,13,35,3,Thursday,2026-08-06,여유
2026-08-06 13:40:00,0.0,0.0,145.59,144.78,none,none,Not crowded,False,False,False,False,False,13,40,3,Thursday,2026-08-06,여유
2026-08-06 13:45:00,0.0,0.0,153.72,146.9,none,none,Not crowded,False,False,False,False,False,13,45,3,Thursday,2026-08-06,여유
2026-08-06 13:50:00,0.0,0.0,134.19,158.43,none,none,Not crowded,False,False,False,False,False,13,50,3,Thursday,2026-08-06,여유
2026-08-06 13:55:00,0.0,0.0,144.9,143.19,none,none,Not crowded,False,False,False,False,False,13,55,3,Thursday,2026-08-06,여유
2026-08-06 14:00:00,0.0,0.0,150.17,140.73,none,none,Not crowded,False,False,False,False,False,14,0,3,Thursday,2026-08-06,여유
2026-08-06 14:05:00,0.0,0.0,135.83,158.98,none,none,Not crowded,False,False,False,False,False,14,5,3,Thursday,2026-08-06,여유
2026-08-06 14:10:00,0.0,0.0,132.35,156.33,none,none,Not crowded,False,False,False,False,False,14,10,3,Thursday,2026-08-06,여유
2026-08-06 14:15:00,0.0,0.0,147.94,141.72,none,none,Not crowded,False,False,False,False,False,14,15,3,Thursday,2026-08-06,여유
2026-08-06 14:20:00,0.0,0.0,155.7,157.34,none,none,Not crowded,False,False,False,False,False,14,20,3,Thursday,2026-08-06,여유
2026-08-06 14:25:00,0.0,0.0,140.65,157.84,none,none,Not crowded,False,False,False,False,False,14,25,3,Thursday,2026-08-06,여유
2026-08-06 14:30:00,1.0,0.0,76.4,83.01,detect,detect,Normal,False,False,False,False,False,14,30,3,Thursday,2026-08-06,보통
2026-08-06 14:35:00,1.0,1.0,60.56,65.89,detect,detect,Normal,False,False,False,False,False,14,35,3,Thursday,2026-08-06,보통
2026-08-06 14:40:00,1.0,1.0,9.92,14.53,detect,detect,Crowded,False,False,False,False,False,14,40,3,Thursday,2026-08-06,혼잡
2026-08-06 14:45:00,1.0,1.0,12.79,17.19,detect,detect,Crowded,False,False,False,False,False,14,45,3,Thursday,2026-08-06,혼잡
2026-08-06 14:50:00,1.0,1.0,16.87,12.34,detect,detect,Crowded,False,False,False,False,False,14,50,3,Thursday,2026-08-06,혼잡
2026-08-06 14:55:00,1.0,1.0,12.06,8.17,detect,detect,Crowded,False,False,False,False,False,14,55,3,Thursday,2026-08-06,혼잡
2026-08-06 15:00:00,1.0,1.0,50.81,70.61,detect,detect,Normal,False,False,False,False,False,15,0,3,Thursday,2026-08-06,보통
2026-08-06 15:05:00,1.0,1.0,52.94,51.37,detect,detect,Normal,False,False,False,False,False,15,5,3,Thursday,2026-08-06,보통
2026-08-06 15:10:00,0.0,0.0,140.75,149.79,none,none,Not crowded,False,False,False,False,False,15,10,3,Thursday,2026-08-06,여유
2026-08-06 15:15:00,0.0,0.0,159.53,143.78,none,none,Not crowded,False,False,False,False,False,15,15,3,Thursday,2026-08-06,여유
2026-08-06 15:20:00,0.0,0.0,132.12,145.62,none,none,Not crowded,False,False,False,False,False,15,20,3,Thursday,2026-08-06,여유
2026-08-06 15:25:00,0.0,0.0,147.27,140.93,none,none,Not crowded,False,False,False,False,False,15,25,3,Thursday,2026-08-06,여유
2026-08-06 15:30:00,0.0,0.0,151.27,137.97,none,none,Not crowded,False,False,False,False,False,15,30,3,Thursday,2026-08-06,여유
2026-08-06 15:35:00,0.0,0.0,155.15,156.02,none,none,Not crowded,False,False,False,False,False,15,35,3,Thursday,2026-08-06,여유
2026-08-06 15:40:00,0.0,0.0,133.49,149.08,none,none,Not crowded,False,False,False,False,False,15,40,3,Thursday,2026-08-06,여유
2026-08-06 15:45:00,0.0,0.0,147.94,133.12,none,none,Not crowded,False,False,False,False,False,15,45,3,Thursday,2026-08-06,여유
2026-08-06 15:50:00,0.0,0.0,150.85,158.52,none,none,Not crowded,False,False,False,False,False,15,50,3,Thursday,2026-08-06,여유
2026-08-06 15:55:00,0.0,0.0,135.14,139.78,none,none,Not crowded,False,False,False,False,False,15,55,3,Thursday,2026-08-06,여유
2026-08-06 16:00:00,0.0,0.0,152.58,142.51,none,none,Not crowded,False,False,False,False,False,16,0,3,Thursday,2026-08-06,여유
2026-08-06 16:05:00,0.0,0.0,158.18,159.29,none,none,Not crowded,False,False,False,False,False,16,5,3,Thursday,2026-08-06,여유
2026-08-06 16:10:00,0.0,0.0,140.69,154.76,none,none,Not crowded,False,False,False,False,False,16,10,3,Thursday,2026-08-06,여유
2026-08-06 16:15:00,0.0,0.0,156.69,156.99,none,none,Not crowded,False,False,False,False,False,16,15,3,Thursday,2026-08-06,여유
2026-08-06 16:20:00,0.0,0.0,150.79,145.41,none,none,Not crowded,False,False,False,False,False,16,20,3,Thursday,2026-08-06,여유
2026-08-06 16:25:00,0.0,0.0,148.33,131.93,none,none,Not crowded,False,False,False,False,False,16,25,3,Thursday,2026-08-06,여유
2026-08-06 16:30:00,0.0,0.0,154.86,159.69,none,none,Not crowded,False,False,False,False,False,16,30,3,Thursday,2026-08-06,여유
2026-08-06 16:35:00,0.0,0.0,130.38,148.84,none,none,Not crowded,False,False,False,False,False,16,35,3,Thursday,2026-08-06,여유
2026-08-06 16:40:00,0.0,0.0,156.61,130.87,none,none,Not crowded,False,False,False,False,False,16,40,3,Thursday,2026-08-06,여유
2026-08-06 16:45:00,0.0,0.0,143.07,159.88,none,none,Not crowded,False,False,False,False,False,16,45,3,Thursday,2026-08-06,여유
2026-08-06 16:50:00,0.0,0.0,156.48,136.54,none,none,Not crowded,False,False,False,False,False,16,50,3,Thursday,2026-08-06,여유
2026-08-06 16:55:00,0.0,0.0,130.6,138.36,none,none,Not crowded,False,False,False,False,False,16,55,3,Thursday,2026-08-06,여유
2026-08-06 17:00:00,0.0,0.0,150.72,150.04,none,none,Not crowded,False,False,False,False,False,17,0,3,Thursday,2026-08-06,여유
2026-08-06 17:05:00,0.0,0.0,151.18,155.41,none,none,Not crowded,False,False,False,False,False,17,5,3,Thursday,2026-08-06,여유
2026-08-06 17:10:00,0.0,0.0,151.54,150.71,none,none,Not crowded,False,False,False,False,False,17,10,3,Thursday,2026-08-06,여유
2026-08-06 17:15:00,0.0,0.0,146.88,131.32,none,none,Not crowded,False,False,False,False,False,17,15,3,Thursday,2026-08-06,여유
2026-08-06 17:20:00,0.0,0.0,130.5,154.43,none,none,Not crowded,False,False,False,False,False,17,20,3,Thursday,2026-08-06,여유
2026-08-06 17:25:00,0.0,0.0,156.14,149.03,none,none,Not crowded,False,False,False,False,False,17,25,3,Thursday,2026-08-06,여유
2026-08-06 17:30:00,0.0,0.0,136.36,142.94,none,none,Not crowded,False,False,False,False,False,17,30,3,Thursday,2026-08-06,여유
2026-08-06 17:35:00,0.0,0.0,149.28,156.77,none,none,Not crowded,False,False,False,False,False,17,35,3,Thursday,2026-08-06,여유
2026-08-06 17:40:00,1.0,0.0,73.17,56.6,detect,detect,Normal,False,False,False,False,False,17,40,3,Thursday,2026-08-06,보통
2026-08-06 17:45:00,1.0,1.0,83.97,80.21,detect,detect,Normal,False,False,False,False,False,17,45,3,Thursday,2026-08-06,보통
2026-08-06 17:50:00,1.0,1.0,62.68,80.57,detect,detect,Normal,False,False,False,False,False,17,50,3,Thursday,2026-08-06,보통
2026-08-06 17:55:00,1.0,1.0,82.21,58.92,detect,detect,Normal,False,False,False,False,False,17,55,3,Thursday,2026-08-06,보통
2026-08-06 18:00:00,1.0,1.0,77.59,59.12,detect,detect,Normal,False,False,False,False,False,18,0,3,Thursday,2026-08-06,보통
2026-08-06 18:05:00,1.0,0.0,41.28,71.45,detect,detect,Normal,False,False,False,False,False,18,5,3,Thursday,2026-08-06,보통
2026-08-06 18:10:00,0.0,0.0,157.69,154.22,none,none,Not crowded,False,False,False,False,False,18,10,3,Thursday,2026-08-06,여유
2026-08-06 18:15:00,0.0,0.0,155.75,138.24,none,none,Not crowded,False,False,False,False,False,18,15,3,Thursday,2026-08-06,여유
2026-08-06 18:20:00,0.0,0.0,133.35,136.13,none,none,Not crowded,False,False,False,False,False,18,20,3,Thursday,2026-08-06,여유
2026-08-06 18:25:00,0.0,0.0,145.53,159.8,none,none,Not crowded,False,False,False,False,False,18,25,3,Thursday,2026-08-06,여유
2026-08-06 18:30:00,0.0,0.0,140.92,154.85,none,none,Not crowded,False,False,False,False,False,18,30,3,Thursday,2026-08-06,여유
2026-08-06 18:35:00,0.0,0.0,152.37,148.62,none,none,Not crowded,False,False,False,False,False,18,35,3,Thursday,2026-08-06,여유
2026-08-06 18:40:00,0.0,0.0,143.18,143.29,none,none,Not crowded,False,False,False,False,False,18,40,3,Thursday,2026-08-06,여유
2026-08-06 18:45:00,0.0,0.0,156.63,132.73,none,none,Not crowded,False,False,False,False,False,18,45,3,Thursday,2026-08-06,여유
2026-08-06 18:50:00,0.0,0.0,137.0,141.57,none,none,Not crowded,False,False,False,False,False,18,50,3,Thursday,2026-08-06,여유
2026-08-06 18:55:00,0.0,0.0,132.03,130.8,none,none,Not crowded,False,False,False,False,False,18,55,3,Thursday,2026-08-06,여유
2026-08-06 19:00:00,0.0,0.0,157.6,151.68,none,none,Not crowded,False,False,False,False,False,19,0,3,Thursday,2026-08-06,여유
2026-08-06 19:05:00,0.0,0.0,138.6,132.19,none,none,Not crowded,False,False,False,False,False,19,5,3,Thursday,2026-08-06,여유
2026-08-06 19:10:00,0.0,0.0,146.44,142.74,none,none,Not crowded,False,False,False,False,False,19,10,3,Thursday,2026-08-06,여유
2026-08-06 19:15:00,0.0,0.0,143.03,140.61,none,none,Not crowded,False,False,False,False,False,19,15,3,Thursday,2026-08-06,여유
2026-08-06 19:20:00,0.0,0.0,158.67,153.11,none,none,Not crowded,False,False,False,False,False,19,20,3,Thursday,2026-08-06,여유
2026-08-06 19:25:00,0.0,0.0,155.09,159.02,none,none,Not crowded,False,False,False,False,False,19,25,3,Thursday,2026-08-06,여유
2026-08-06 19:30:00,0.0,0.0,157.14,132.46,none,none,Not crowded,False,False,False,False,False,19,30,3,Thursday,2026-08-06,여유
2026-08-06 19:35:00,0.0,0.0,153.06,130.2,none,none,Not crowded,False,False,False,False,False,19,35,3,Thursday,2026-08-06,여유
2026-08-06 19:40:00,0.0,0.0,135.55,133.38,none,none,Not crowded,False,False,False,False,False,19,40,3,Thursday,2026-08-06,여유
2026-08-06 19:45:00,0.0,0.0,144.91,145.38,none,none,Not crowded,False,False,False,False,False,19,45,3,Thursday,2026-08-06,여유
2026-08-06 19:50:00,0.0,0.0,138.1,151.47,none,none,Not crowded,False,False,False,False,False,19,50,3,Thursday,2026-08-06,여유
2026-08-06 19:55:00,0.0,0.0,157.73,134.18,none,none,Not crowded,False,False,False,False,False,19,55,3,Thursday,2026-08-06,여유
2026-08-06 20:00:00,0.0,0.0,152.38,145.09,none,none,Not crowded,False,False,False,False,False,20,0,3,Thursday,2026-08-06,여유
2026-08-06 20:05:00,0.0,0.0,138.4,144.83,none,none,Not crowded,False,False,False,False,False,20,5,3,Thursday,2026-08-06,여유
2026-08-06 20:10:00,0.0,0.0,139.11,153.52,none,none,Not crowded,False,False,False,False,False,20,10,3,Thursday,2026-08-06,여유
2026-08-06 20:15:00,0.0,0.0,139.78,131.16,none,none,Not crowded,False,False,False,False,False,20,15,3,Thursday,2026-08-06,여유
2026-08-06 20:20:00,0.0,0.0,132.8,138.72,none,none,Not crowded,False,False,False,False,False,20,20,3,Thursday,2026-08-06,여유
2026-08-06 20:25:00,0.0,0.0,139.38,145.61,none,none,Not crowded,False,False,False,False,False,20,25,3,Thursday,2026-08-06,여유
2026-08-06 20:30:00,0.0,0.0,149.55,151.31,none,none,Not crowded,False,False,False,False,False,20,30,3,Thursday,2026-08-06,여유
2026-08-06 20:35:00,0.0,0.0,155.43,158.87,none,none,Not crowded,False,False,False,False,False,20,35,3,Thursday,2026-08-06,여유
2026-08-06 20:40:00,0.0,0.0,142.08,145.24,none,none,Not crowded,False,False,False,False,False,20,40,3,Thursday,2026-08-06,여유
2026-08-06 20:45:00,0.0,0.0,148.12,133.64,none,none,Not crowded,False,False,False,False,False,20,45,3,Thursday,2026-08-06,여유
2026-08-06 20:50:00,0.0,0.0,141.74,146.83,none,none,Not crowded,False,False,False,False,False,20,50,3,Thursday,2026-08-06,여유
2026-08-06 20:55:00,0.0,0.0,151.88,156.72,none,none,Not crowded,False,False,False,False,False,20,55,3,Thursday,2026-08-06,여유
2026-08-06 21:00:00,0.0,0.0,154.72,139.25,none,none,Not crowded,False,False,False,False,False,21,0,3,Thursday,2026-08-06,여유
2026-08-06 21:05:00,0.0,0.0,148.25,131.06,none,none,Not crowded,False,False,False,False,False,21,5,3,Thursday,2026-08-06,여유
2026-08-06 21:10:00,0.0,0.0,150.07,145.14,none,none,Not crowded,False,False,False,False,False,21,10,3,Thursday,2026-08-06,여유
2026-08-06 21:15:00,0.0,0.0,145.04,152.53,none,none,Not crowded,False,False,False,False,False,21,15,3,Thursday,2026-08-06,여유
2026-08-06 21:20:00,0.0,0.0,137.46,145.95,none,none,Not crowded,False,False,False,False,False,21,20,3,Thursday,2026-08-06,여유
2026-08-06 21:25:00,0.0,0.0,134.66,131.58,none,none,Not crowded,False,False,False,False,False,21,25,3,Thursday,2026-08-06,여유
2026-08-06 21:30:00,0.0,0.0,151.71,151.77,none,none,Not crowded,False,False,False,False,False,21,30,3,Thursday,2026-08-06,여유
2026-08-06 21:35:00,0.0,0.0,145.55,132.32,none,none,Not crowded,False,False,False,False,False,21,35,3,Thursday,2026-08-06,여유
2026-08-06 21:40:00,0.0,0.0,141.78,136.89,none,none,Not crowded,False,False,False,False,False,21,40,3,Thursday,2026-08-06,여유
2026-08-06 21:45:00,0.0,0.0,140.79,135.17,none,none,Not crowded,False,False,False,False,False,21,45,3,Thursday,2026-08-06,여유
2026-08-06 21:50:00,0.0,0.0,130.31,131.42,none,none,Not crowded,False,False,False,False,False,21,50,3,Thursday,2026-08-06,여유
2026-08-06 21:55:00,0.0,0.0,140.3,133.91,none,none,Not crowded,False,False,False,False,False,21,55,3,Thursday,2026-08-06,여유
2026-08-06 22:00:00,0.0,0.0,159.88,141.8,none,none,Not crowded,False,False,False,False,False,22,0,3,Thursday,2026-08-06,여유
2026-08-06 22:05:00,0.0,0.0,150.22,156.64,none,none,Not crowded,False,False,False,False,False,22,5,3,Thursday,2026-08-06,여유
2026-08-06 22:10:00,0.0,0.0,146.49,133.24,none,none,Not crowded,False,False,False,False,False,22,10,3,Thursday,2026-08-06,여유
2026-08-06 22:15:00,0.0,0.0,158.49,135.39,none,none,Not crowded,False,False,False,False,False,22,15,3,Thursday,2026-08-06,여유
2026-08-06 22:20:00,0.0,0.0,146.76,130.57,none,none,Not crowded,False,False,False,False,False,22,20,3,Thursday,2026-08-06,여유
2026-08-06 22:25:00,0.0,0.0,146.94,131.5,none,none,Not crowded,False,False,False,False,False,22,25,3,Thursday,2026-08-06,여유
2026-08-06 22:30:00,0.0,0.0,137.95,157.87,none,none,Not crowded,False,False,False,False,False,22,30,3,Thursday,2026-08-06,여유
2026-08-06 22:35:00,0.0,0.0,150.17,143.6,none,none,Not crowded,False,False,False,False,False,22,35,3,Thursday,2026-08-06,여유
2026-08-06 22:40:00,0.0,0.0,148.22,131.99,none,none,Not crowded,False,False,False,False,False,22,40,3,Thursday,2026-08-06,여유
2026-08-06 22:45:00,0.0,0.0,133.0,145.4,none,none,Not crowded,False,False,False,False,False,22,45,3,Thursday,2026-08-06,여유
2026-08-06 22:50:00,0.0,0.0,144.79,155.03,none,none,Not crowded,False,False,False,False,False,22,50,3,Thursday,2026-08-06,여유
2026-08-06 22:55:00,0.0,0.0,154.47,153.56,none,none,Not crowded,False,False,False,False,False,22,55,3,Thursday,2026-08-06,여유
2026-08-06 23:00:00,0.0,0.0,147.01,159.19,none,none,Not crowded,False,False,False,False,False,23,0,3,Thursday,2026-08-06,여유
2026-08-06 23:05:00,0.0,0.0,155.36,157.36,none,none,Not crowded,False,False,False,False,False,23,5,3,Thursday,2026-08-06,여유
2026-08-06 23:10:00,0.0,0.0,145.16,142.88,none,none,Not crowded,False,False,False,False,False,23,10,3,Thursday,2026-08-06,여유
2026-08-06 23:15:00,0.0,0.0,145.8,133.43,none,none,Not crowded,False,False,False,False,False,23,15,3,Thursday,2026-08-06,여유
2026-08-06 23:20:00,0.0,0.0,136.05,142.21,none,none,Not crowded,False,False,False,False,False,23,20,3,Thursday,2026-08-06,여유
2026-08-06 23:25:00,0.0,0.0,143.9,145.96,none,none,Not crowded,False,False,False,False,False,23,25,3,Thursday,2026-08-06,여유
2026-08-06 23:30:00,0.0,0.0,134.67,143.61,none,none,Not crowded,False,False,False,False,False,23,30,3,Thursday,2026-08-06,여유
2026-08-06 23:35:00,0.0,0.0,146.4,152.18,none,none,Not crowded,False,False,False,False,False,23,35,3,Thursday,2026-08-06,여유
2026-08-06 23:40:00,0.0,0.0,149.5,130.05,none,none,Not crowded,False,False,False,False,False,23,40,3,Thursday,2026-08-06,여유
2026-08-06 23:45:00,0.0,0.0,130.25,138.61,none,none,Not crowded,False,False,False,False,False,23,45,3,Thursday,2026-08-06,여유
2026-08-06 23:50:00,0.0,0.0,149.43,148.52,none,none,Not crowded,False,False,False,False,False,23,50,3,Thursday,2026-08-06,여유
2026-08-06 23:55:00,0.0,0.0,141.25,158.54,none,none,Not crowded,False,False,False,False,False,23,55,3,Thursday,2026-08-06,여유
2026-08-07 00:00:00,0.0,0.0,141.47,147.7,none,none,Not crowded,False,False,False,False,False,0,0,4,Friday,2026-08-07,여유
2026-08-07 00:05:00,0.0,0.0,148.76,155.85,none,none,Not crowded,False,False,False,False,False,0,5,4,Friday,2026-08-07,여유
2026-08-07 00:10:00,0.0,0.0,131.88,136.99,none,none,Not crowded,False,False,False,False,False,0,10,4,Friday,2026-08-07,여유
2026-08-07 00:15:00,0.0,0.0,137.6,135.67,none,none,Not crowded,False,False,False,False,False,0,15,4,Friday,2026-08-07,여유
2026-08-07 00:20:00,0.0,0.0,143.35,140.07,none,none,Not crowded,False,False,False,False,False,0,20,4,Friday,2026-08-07,여유
2026-08-07 00:25:00,0.0,0.0,149.39,143.25,none,none,Not crowded,False,False,False,False,False,0,25,4,Friday,2026-08-07,여유
2026-08-07 00:30:00,0.0,0.0,137.45,141.25,none,none,Not crowded,False,False,False,False,False,0,30,4,Friday,2026-08-07,여유
2026-08-07 00:35:00,0.0,0.0,151.37,153.46,none,none,Not crowded,False,False,False,False,False,0,35,4,Friday,2026-08-07,여유
2026-08-07 00:40:00,0.0,0.0,137.74,134.24,none,none,Not crowded,False,False,False,False,False,0,40,4,Friday,2026-08-07,여유
2026-08-07 00:45:00,0.0,0.0,147.03,153.49,none,none,Not crowded,False,False,False,False,False,0,45,4,Friday,2026-08-07,여유
2026-08-07 00:50:00,0.0,0.0,139.38,130.45,none,none,Not crowded,False,False,False,False,False,0,50,4,Friday,2026-08-07,여유
2026-08-07 00:55:00,0.0,0.0,133.59,132.34,none,none,Not crowded,False,False,False,False,False,0,55,4,Friday,2026-08-07,여유
2026-08-07 01:00:00,0.0,0.0,148.19,159.73,none,none,Not crowded,False,False,False,False,False,1,0,4,Friday,2026-08-07,여유
2026-08-07 01:05:00,0.0,0.0,135.08,152.85,none,none,Not crowded,False,False,False,False,False,1,5,4,Friday,2026-08-07,여유
2026-08-07 01:10:00,0.0,0.0,150.64,155.05,none,none,Not crowded,False,False,False,False,False,1,10,4,Friday,2026-08-07,여유
2026-08-07 01:15:00,0.0,0.0,147.1,137.69,none,none,Not crowded,False,False,False,False,False,1,15,4,Friday,2026-08-07,여유
2026-08-07 01:20:00,0.0,0.0,152.48,151.38,none,none,Not crowded,False,False,False,False,False,1,20,4,Friday,2026-08-07,여유
2026-08-07 01:25:00,0.0,0.0,137.34,155.73,none,none,Not crowded,False,False,False,False,False,1,25,4,Friday,2026-08-07,여유
2026-08-07 01:30:00,0.0,0.0,138.44,151.65,none,none,Not crowded,False,False,False,False,False,1,30,4,Friday,2026-08-07,여유
2026-08-07 01:35:00,0.0,0.0,135.07,149.07,none,none,Not crowded,False,False,False,False,False,1,35,4,Friday,2026-08-07,여유
2026-08-07 01:40:00,0.0,0.0,157.9,135.44,none,none,Not crowded,False,False,False,False,False,1,40,4,Friday,2026-08-07,여유
2026-08-07 01:45:00,0.0,0.0,158.88,145.01,none,none,Not crowded,False,False,False,False,False,1,45,4,Friday,2026-08-07,여유
2026-08-07 01:50:00,0.0,0.0,156.12,132.8,none,none,Not crowded,False,False,False,False,False,1,50,4,Friday,2026-08-07,여유
2026-08-07 01:55:00,0.0,0.0,149.86,133.59,none,none,Not crowded,False,False,False,False,False,1,55,4,Friday,2026-08-07,여유
2026-08-07 02:00:00,0.0,0.0,146.39,152.08,none,none,Not crowded,False,False,False,False,False,2,0,4,Friday,2026-08-07,여유
2026-08-07 02:05:00,0.0,0.0,136.41,139.05,none,none,Not crowded,False,False,False,False,False,2,5,4,Friday,2026-08-07,여유
2026-08-07 02:10:00,0.0,0.0,135.92,149.93,none,none,Not crowded,False,False,False,False,False,2,10,4,Friday,2026-08-07,여유
2026-08-07 02:15:00,0.0,0.0,150.59,151.65,none,none,Not crowded,False,False,False,False,False,2,15,4,Friday,2026-08-07,여유
2026-08-07 02:20:00,0.0,0.0,135.6,131.4,none,none,Not crowded,False,False,False,False,False,2,20,4,Friday,2026-08-07,여유
2026-08-07 02:25:00,0.0,0.0,138.86,158.93,none,none,Not crowded,False,False,False,False,False,2,25,4,Friday,2026-08-07,여유
2026-08-07 02:30:00,0.0,0.0,135.6,138.71,none,none,Not crowded,False,False,False,False,False,2,30,4,Friday,2026-08-07,여유
2026-08-07 02:35:00,0.0,0.0,155.02,139.23,none,none,Not crowded,False,False,False,False,False,2,35,4,Friday,2026-08-07,여유
2026-08-07 02:40:00,0.0,0.0,159.61,155.03,none,none,Not crowded,False,False,False,False,False,2,40,4,Friday,2026-08-07,여유
2026-08-07 02:45:00,0.0,0.0,141.49,145.21,none,none,Not crowded,False,False,False,False,False,2,45,4,Friday,2026-08-07,여유
2026-08-07 02:50:00,0.0,0.0,131.27,147.73,none,none,Not crowded,False,False,False,False,False,2,50,4,Friday,2026-08-07,여유
2026-08-07 02:55:00,0.0,0.0,134.15,151.25,none,none,Not crowded,False,False,False,False,False,2,55,4,Friday,2026-08-07,여유
2026-08-07 03:00:00,0.0,0.0,134.69,156.66,none,none,Not crowded,False,False,False,False,False,3,0,4,Friday,2026-08-07,여유
2026-08-07 03:05:00,0.0,0.0,132.9,150.69,none,none,Not crowded,False,False,False,False,False,3,5,4,Friday,2026-08-07,여유
2026-08-07 03:10:00,0.0,0.0,143.61,151.29,none,none,Not crowded,False,False,False,False,False,3,10,4,Friday,2026-08-07,여유
2026-08-07 03:15:00,0.0,0.0,153.04,138.11,none,none,Not crowded,False,False,False,False,False,3,15,4,Friday,2026-08-07,여유
2026-08-07 03:20:00,0.0,0.0,136.66,150.0,none,none,Not crowded,False,False,False,False,False,3,20,4,Friday,2026-08-07,여유
2026-08-07 03:25:00,0.0,0.0,137.67,151.94,none,none,Not crowded,False,False,False,False,False,3,25,4,Friday,2026-08-07,여유
2026-08-07 03:30:00,0.0,0.0,135.09,138.77,none,none,Not crowded,False,False,False,False,False,3,30,4,Friday,2026-08-07,여유
2026-08-07 03:35:00,0.0,0.0,143.93,138.92,none,none,Not crowded,False,False,False,False,False,3,35,4,Friday,2026-08-07,여유
2026-08-07 03:40:00,0.0,0.0,139.54,151.69,none,none,Not crowded,False,False,False,False,False,3,40,4,Friday,2026-08-07,여유
2026-08-07 03:45:00,0.0,0.0,147.13,132.41,none,none,Not crowded,False,False,False,False,False,3,45,4,Friday,2026-08-07,여유
2026-08-07 03:50:00,0.0,0.0,145.83,139.15,none,none,Not crowded,False,False,False,False,False,3,50,4,Friday,2026-08-07,여유
2026-08-07 03:55:00,0.0,0.0,159.94,155.33,none,none,Not crowded,False,False,False,False,False,3,55,4,Friday,2026-08-07,여유
2026-08-07 04:00:00,0.0,0.0,156.23,145.39,none,none,Not crowded,False,False,False,False,False,4,0,4,Friday,2026-08-07,여유
2026-08-07 04:05:00,0.0,0.0,130.52,144.49,none,none,Not crowded,False,False,False,False,False,4,5,4,Friday,2026-08-07,여유
2026-08-07 04:10:00,0.0,0.0,159.64,132.03,none,none,Not crowded,False,False,False,False,False,4,10,4,Friday,2026-08-07,여유
2026-08-07 04:15:00,0.0,0.0,132.24,148.74,none,none,Not crowded,False,False,False,False,False,4,15,4,Friday,2026-08-07,여유
2026-08-07 04:20:00,0.0,0.0,133.35,135.06,none,none,Not crowded,False,False,False,False,False,4,20,4,Friday,2026-08-07,여유
2026-08-07 04:25:00,0.0,0.0,140.69,146.26,none,none,Not crowded,False,False,False,False,False,4,25,4,Friday,2026-08-07,여유
2026-08-07 04:30:00,0.0,0.0,146.47,136.3,none,none,Not crowded,False,False,False,False,False,4,30,4,Friday,2026-08-07,여유
2026-08-07 04:35:00,0.0,0.0,151.06,133.95,none,none,Not crowded,False,False,False,False,False,4,35,4,Friday,2026-08-07,여유
2026-08-07 04:40:00,0.0,0.0,147.15,159.2,none,none,Not crowded,False,False,False,False,False,4,40,4,Friday,2026-08-07,여유
2026-08-07 04:45:00,0.0,0.0,152.75,147.9,none,none,Not crowded,False,False,False,False,False,4,45,4,Friday,2026-08-07,여유
2026-08-07 04:50:00,0.0,0.0,155.73,151.3,none,none,Not crowded,False,False,False,False,False,4,50,4,Friday,2026-08-07,여유
2026-08-07 04:55:00,0.0,0.0,158.72,135.13,none,none,Not crowded,False,False,False,False,False,4,55,4,Friday,2026-08-07,여유
2026-08-07 05:00:00,0.0,0.0,149.21,154.99,none,none,Not crowded,False,False,False,False,False,5,0,4,Friday,2026-08-07,여유
2026-08-07 05:05:00,0.0,0.0,140.15,157.73,none,none,Not crowded,False,False,False,False,False,5,5,4,Friday,2026-08-07,여유
2026-08-07 05:10:00,0.0,0.0,149.65,133.72,none,none,Not crowded,False,False,False,False,False,5,10,4,Friday,2026-08-07,여유
2026-08-07 05:15:00,0.0,0.0,144.73,144.6,none,none,Not crowded,False,False,False,False,False,5,15,4,Friday,2026-08-07,여유
2026-08-07 05:20:00,0.0,0.0,146.94,138.36,none,none,Not crowded,False,False,False,False,False,5,20,4,Friday,2026-08-07,여유
2026-08-07 05:25:00,0.0,0.0,150.97,135.86,none,none,Not crowded,False,False,False,False,False,5,25,4,Friday,2026-08-07,여유
2026-08-07 05:30:00,0.0,0.0,138.23,150.69,none,none,Not crowded,False,False,False,False,False,5,30,4,Friday,2026-08-07,여유
2026-08-07 05:35:00,0.0,0.0,151.39,158.34,none,none,Not crowded,False,False,False,False,False,5,35,4,Friday,2026-08-07,여유
2026-08-07 05:40:00,0.0,0.0,148.8,152.89,none,none,Not crowded,False,False,False,False,False,5,40,4,Friday,2026-08-07,여유
2026-08-07 05:45:00,0.0,0.0,132.64,159.98,none,none,Not crowded,False,False,False,False,False,5,45,4,Friday,2026-08-07,여유
2026-08-07 05:50:00,0.0,0.0,154.36,154.8,none,none,Not crowded,False,False,False,False,False,5,50,4,Friday,2026-08-07,여유
2026-08-07 05:55:00,0.0,0.0,139.65,142.27,none,none,Not crowded,False,False,False,False,False,5,55,4,Friday,2026-08-07,여유
2026-08-07 06:00:00,0.0,0.0,153.45,140.57,none,none,Not crowded,False,False,False,False,False,6,0,4,Friday,2026-08-07,여유
2026-08-07 06:05:00,0.0,0.0,143.22,147.74,none,none,Not crowded,False,False,False,False,False,6,5,4,Friday,2026-08-07,여유
2026-08-07 06:10:00,0.0,0.0,157.03,139.55,none,none,Not crowded,False,False,False,False,False,6,10,4,Friday,2026-08-07,여유
2026-08-07 06:15:00,0.0,0.0,143.47,144.83,none,none,Not crowded,False,False,False,False,False,6,15,4,Friday,2026-08-07,여유
2026-08-07 06:20:00,0.0,0.0,135.32,159.75,none,none,Not crowded,False,False,False,False,False,6,20,4,Friday,2026-08-07,여유
2026-08-07 06:25:00,0.0,0.0,149.61,137.88,none,none,Not crowded,False,False,False,False,False,6,25,4,Friday,2026-08-07,여유
2026-08-07 06:30:00,0.0,0.0,132.48,132.17,none,none,Not crowded,False,False,False,False,False,6,30,4,Friday,2026-08-07,여유
2026-08-07 06:35:00,0.0,0.0,153.95,158.46,none,none,Not crowded,False,False,False,False,False,6,35,4,Friday,2026-08-07,여유
2026-08-07 06:40:00,0.0,0.0,144.5,157.86,none,none,Not crowded,False,False,False,False,False,6,40,4,Friday,2026-08-07,여유
2026-08-07 06:45:00,0.0,0.0,152.25,133.3,none,none,Not crowded,False,False,False,False,False,6,45,4,Friday,2026-08-07,여유
2026-08-07 06:50:00,0.0,0.0,156.45,159.71,none,none,Not crowded,False,False,False,False,False,6,50,4,Friday,2026-08-07,여유
2026-08-07 06:55:00,0.0,0.0,158.18,154.91,none,none,Not crowded,False,False,False,False,False,6,55,4,Friday,2026-08-07,여유
2026-08-07 07:00:00,0.0,0.0,149.03,143.07,none,none,Not crowded,False,False,False,False,False,7,0,4,Friday,2026-08-07,여유
2026-08-07 07:05:00,0.0,0.0,148.21,153.65,none,none,Not crowded,False,False,False,False,False,7,5,4,Friday,2026-08-07,여유
2026-08-07 07:10:00,0.0,0.0,157.48,137.45,none,none,Not crowded,False,False,False,False,False,7,10,4,Friday,2026-08-07,여유
2026-08-07 07:15:00,0.0,0.0,155.29,149.67,none,none,Not crowded,False,False,False,False,False,7,15,4,Friday,2026-08-07,여유
2026-08-07 07:20:00,0.0,0.0,147.34,154.23,none,none,Not crowded,False,False,False,False,False,7,20,4,Friday,2026-08-07,여유
2026-08-07 07:25:00,0.0,0.0,149.92,144.88,none,none,Not crowded,False,False,False,False,False,7,25,4,Friday,2026-08-07,여유
2026-08-07 07:30:00,0.0,0.0,137.92,151.81,none,none,Not crowded,False,False,False,False,False,7,30,4,Friday,2026-08-07,여유
2026-08-07 07:35:00,0.0,0.0,154.82,146.59,none,none,Not crowded,False,False,False,False,False,7,35,4,Friday,2026-08-07,여유
2026-08-07 07:40:00,0.0,0.0,141.92,144.16,none,none,Not crowded,False,False,False,False,False,7,40,4,Friday,2026-08-07,여유
2026-08-07 07:45:00,0.0,0.0,147.02,150.18,none,none,Not crowded,False,False,False,False,False,7,45,4,Friday,2026-08-07,여유
2026-08-07 07:50:00,0.0,0.0,138.81,135.74,none,none,Not crowded,False,False,False,False,False,7,50,4,Friday,2026-08-07,여유
2026-08-07 07:55:00,0.0,0.0,159.51,159.86,none,none,Not crowded,False,False,False,False,False,7,55,4,Friday,2026-08-07,여유
2026-08-07 08:00:00,0.0,0.0,146.68,141.79,none,none,Not crowded,False,False,False,False,False,8,0,4,Friday,2026-08-07,여유
2026-08-07 08:05:00,0.0,0.0,142.9,150.57,none,none,Not crowded,False,False,False,False,False,8,5,4,Friday,2026-08-07,여유
2026-08-07 08:10:00,0.0,0.0,155.3,141.82,none,none,Not crowded,False,False,False,False,False,8,10,4,Friday,2026-08-07,여유
2026-08-07 08:15:00,0.0,0.0,137.33,149.04,none,none,Not crowded,False,False,False,False,False,8,15,4,Friday,2026-08-07,여유
2026-08-07 08:20:00,0.0,0.0,145.33,152.35,none,none,Not crowded,False,False,False,False,False,8,20,4,Friday,2026-08-07,여유
2026-08-07 08:25:00,0.0,0.0,155.94,132.35,none,none,Not crowded,False,False,False,False,False,8,25,4,Friday,2026-08-07,여유
2026-08-07 08:30:00,1.0,1.0,47.87,59.26,detect,detect,Normal,False,False,False,False,False,8,30,4,Friday,2026-08-07,보통
2026-08-07 08:35:00,1.0,1.0,50.74,73.08,detect,detect,Normal,False,False,False,False,False,8,35,4,Friday,2026-08-07,보통
2026-08-07 08:40:00,1.0,1.0,13.15,10.75,detect,detect,Crowded,False,False,False,False,False,8,40,4,Friday,2026-08-07,혼잡
2026-08-07 08:45:00,1.0,1.0,13.59,11.81,detect,detect,Crowded,False,False,False,False,False,8,45,4,Friday,2026-08-07,혼잡
2026-08-07 08:50:00,1.0,1.0,9.53,17.36,detect,detect,Crowded,False,False,False,False,False,8,50,4,Friday,2026-08-07,혼잡
2026-08-07 08:55:00,1.0,1.0,5.92,15.0,detect,detect,Crowded,False,False,False,False,False,8,55,4,Friday,2026-08-07,혼잡
2026-08-07 09:00:00,1.0,1.0,82.88,83.56,detect,detect,Normal,False,False,False,False,False,9,0,4,Friday,2026-08-07,보통
2026-08-07 09:05:00,1.0,1.0,55.32,66.24,detect,detect,Normal,False,False,False,False,False,9,5,4,Friday,2026-08-07,보통
2026-08-07 09:10:00,0.0,0.0,154.4,135.92,none,none,Not crowded,False,False,False,False,False,9,10,4,Friday,2026-08-07,여유
2026-08-07 09:15:00,0.0,0.0,151.14,155.53,none,none,Not crowded,False,False,False,False,False,9,15,4,Friday,2026-08-07,여유
2026-08-07 09:20:00,0.0,0.0,146.4,156.62,none,none,Not crowded,False,False,False,False,False,9,20,4,Friday,2026-08-07,여유
2026-08-07 09:25:00,0.0,0.0,152.55,136.99,none,none,Not crowded,False,False,False,False,False,9,25,4,Friday,2026-08-07,여유
2026-08-07 09:30:00,0.0,0.0,151.81,136.1,none,none,Not crowded,False,False,False,False,False,9,30,4,Friday,2026-08-07,여유
2026-08-07 09:35:00,0.0,0.0,144.99,135.21,none,none,Not crowded,False,False,False,False,False,9,35,4,Friday,2026-08-07,여유
2026-08-07 09:40:00,0.0,0.0,158.9,145.73,none,none,Not crowded,False,False,False,False,False,9,40,4,Friday,2026-08-07,여유
2026-08-07 09:45:00,0.0,0.0,145.7,134.77,none,none,Not crowded,False,False,False,False,False,9,45,4,Friday,2026-08-07,여유
2026-08-07 09:50:00,0.0,0.0,131.77,157.1,none,none,Not crowded,False,False,False,False,False,9,50,4,Friday,2026-08-07,여유
2026-08-07 09:55:00,0.0,0.0,137.68,136.13,none,none,Not crowded,False,False,False,False,False,9,55,4,Friday,2026-08-07,여유
2026-08-07 10:00:00,0.0,0.0,154.54,152.72,none,none,Not crowded,False,False,False,False,False,10,0,4,Friday,2026-08-07,여유
2026-08-07 10:05:00,0.0,0.0,139.2,144.84,none,none,Not crowded,False,False,False,False,False,10,5,4,Friday,2026-08-07,여유
2026-08-07 10:10:00,0.0,0.0,159.04,142.86,none,none,Not crowded,False,False,False,False,False,10,10,4,Friday,2026-08-07,여유
2026-08-07 10:15:00,0.0,0.0,152.93,155.81,none,none,Not crowded,False,False,False,False,False,10,15,4,Friday,2026-08-07,여유
2026-08-07 10:20:00,0.0,0.0,156.51,134.11,none,none,Not crowded,False,False,False,False,False,10,20,4,Friday,2026-08-07,여유
2026-08-07 10:25:00,0.0,0.0,141.69,139.65,none,none,Not crowded,False,False,False,False,False,10,25,4,Friday,2026-08-07,여유
2026-08-07 10:30:00,0.0,0.0,154.67,151.55,none,none,Not crowded,False,False,False,False,False,10,30,4,Friday,2026-08-07,여유
2026-08-07 10:35:00,0.0,0.0,135.79,132.66,none,none,Not crowded,False,False,False,False,False,10,35,4,Friday,2026-08-07,여유
2026-08-07 10:40:00,0.0,0.0,159.3,137.46,none,none,Not crowded,False,False,False,False,False,10,40,4,Friday,2026-08-07,여유
2026-08-07 10:45:00,0.0,0.0,134.71,137.01,none,none,Not crowded,False,False,False,False,False,10,45,4,Friday,2026-08-07,여유
2026-08-07 10:50:00,0.0,0.0,151.14,130.46,none,none,Not crowded,False,False,False,False,False,10,50,4,Friday,2026-08-07,여유
2026-08-07 10:55:00,0.0,0.0,143.62,130.6,none,none,Not crowded,False,False,False,False,False,10,55,4,Friday,2026-08-07,여유
2026-08-07 11:00:00,0.0,0.0,140.3,135.52,none,none,Not crowded,False,False,False,False,False,11,0,4,Friday,2026-08-07,여유
2026-08-07 11:05:00,0.0,0.0,142.85,157.94,none,none,Not crowded,False,False,False,False,False,11,5,4,Friday,2026-08-07,여유
2026-08-07 11:10:00,0.0,0.0,130.35,133.58,none,none,Not crowded,False,False,False,False,False,11,10,4,Friday,2026-08-07,여유
2026-08-07 11:15:00,0.0,0.0,151.87,156.74,none,none,Not crowded,False,False,False,False,False,11,15,4,Friday,2026-08-07,여유
2026-08-07 11:20:00,0.0,0.0,155.56,147.23,none,none,Not crowded,False,False,False,False,False,11,20,4,Friday,2026-08-07,여유
2026-08-07 11:25:00,0.0,0.0,144.23,149.33,none,none,Not crowded,False,False,False,False,False,11,25,4,Friday,2026-08-07,여유
2026-08-07 11:30:00,1.0,1.0,47.61,55.13,detect,detect,Normal,False,False,False,False,False,11,30,4,Friday,2026-08-07,보통
2026-08-07 11:35:00,1.0,1.0,78.82,47.63,detect,detect,Normal,False,False,False,False,False,11,35,4,Friday,2026-08-07,보통
2026-08-07 11:40:00,1.0,1.0,6.81,6.19,detect,detect,Crowded,False,False,False,False,False,11,40,4,Friday,2026-08-07,혼잡
2026-08-07 11:45:00,1.0,1.0,14.33,14.64,detect,detect,Crowded,False,False,False,False,False,11,45,4,Friday,2026-08-07,혼잡
2026-08-07 11:50:00,1.0,1.0,14.58,17.39,detect,detect,Crowded,False,False,False,False,False,11,50,4,Friday,2026-08-07,혼잡
2026-08-07 11:55:00,1.0,1.0,6.08,7.53,detect,detect,Crowded,False,False,False,False,False,11,55,4,Friday,2026-08-07,혼잡
2026-08-07 12:00:00,1.0,0.0,69.09,58.37,detect,detect,Normal,False,False,False,False,False,12,0,4,Friday,2026-08-07,보통
2026-08-07 12:05:00,1.0,1.0,58.58,47.15,detect,detect,Normal,False,False,False,False,False,12,5,4,Friday,2026-08-07,보통
2026-08-07 12:10:00,0.0,0.0,144.93,146.0,none,none,Not crowded,False,False,False,False,False,12,10,4,Friday,2026-08-07,여유
2026-08-07 12:15:00,0.0,0.0,145.68,131.02,none,none,Not crowded,False,False,False,False,False,12,15,4,Friday,2026-08-07,여유
2026-08-07 12:20:00,0.0,0.0,145.46,138.09,none,none,Not crowded,False,False,False,False,False,12,20,4,Friday,2026-08-07,여유
2026-08-07 12:25:00,0.0,0.0,142.01,148.96,none,none,Not crowded,False,False,False,False,False,12,25,4,Friday,2026-08-07,여유
2026-08-07 12:30:00,0.0,0.0,153.32,147.53,none,none,Not crowded,False,False,False,False,False,12,30,4,Friday,2026-08-07,여유
2026-08-07 12:35:00,0.0,0.0,147.68,150.51,none,none,Not crowded,False,False,False,False,False,12,35,4,Friday,2026-08-07,여유
2026-08-07 12:40:00,0.0,0.0,142.41,151.7,none,none,Not crowded,False,False,False,False,False,12,40,4,Friday,2026-08-07,여유
2026-08-07 12:45:00,0.0,0.0,135.57,144.12,none,none,Not crowded,False,False,False,False,False,12,45,4,Friday,2026-08-07,여유
2026-08-07 12:50:00,0.0,0.0,136.29,159.39,none,none,Not crowded,False,False,False,False,False,12,50,4,Friday,2026-08-07,여유
2026-08-07 12:55:00,0.0,0.0,144.69,139.75,none,none,Not crowded,False,False,False,False,False,12,55,4,Friday,2026-08-07,여유
2026-08-07 13:00:00,0.0,0.0,151.55,139.75,none,none,Not crowded,False,False,False,False,False,13,0,4,Friday,2026-08-07,여유
2026-08-07 13:05:00,0.0,0.0,157.07,150.47,none,none,Not crowded,False,False,False,False,False,13,5,4,Friday,2026-08-07,여유
2026-08-07 13:10:00,0.0,0.0,158.75,154.5,none,none,Not crowded,False,False,False,False,False,13,10,4,Friday,2026-08-07,여유
2026-08-07 13:15:00,0.0,0.0,131.98,150.32,none,none,Not crowded,False,False,False,False,False,13,15,4,Friday,2026-08-07,여유
2026-08-07 13:20:00,0.0,0.0,133.5,136.53,none,none,Not crowded,False,False,False,False,False,13,20,4,Friday,2026-08-07,여유
2026-08-07 13:25:00,0.0,0.0,141.8,132.23,none,none,Not crowded,False,False,False,False,False,13,25,4,Friday,2026-08-07,여유
2026-08-07 13:30:00,0.0,0.0,134.8,149.23,none,none,Not crowded,False,False,False,False,False,13,30,4,Friday,2026-08-07,여유
2026-08-07 13:35:00,0.0,0.0,143.35,148.65,none,none,Not crowded,False,False,False,False,False,13,35,4,Friday,2026-08-07,여유
2026-08-07 13:40:00,0.0,0.0,157.32,137.77,none,none,Not crowded,False,False,False,False,False,13,40,4,Friday,2026-08-07,여유
2026-08-07 13:45:00,0.0,0.0,149.82,135.75,none,none,Not crowded,False,False,False,False,False,13,45,4,Friday,2026-08-07,여유
2026-08-07 13:50:00,0.0,0.0,137.63,155.84,none,none,Not crowded,False,False,False,False,False,13,50,4,Friday,2026-08-07,여유
2026-08-07 13:55:00,0.0,0.0,153.67,150.46,none,none,Not crowded,False,False,False,False,False,13,55,4,Friday,2026-08-07,여유
2026-08-07 14:00:00,0.0,0.0,139.8,154.84,none,none,Not crowded,False,False,False,False,False,14,0,4,Friday,2026-08-07,여유
2026-08-07 14:05:00,0.0,0.0,132.68,155.6,none,none,Not crowded,False,False,False,False,False,14,5,4,Friday,2026-08-07,여유
2026-08-07 14:10:00,0.0,0.0,158.0,136.39,none,none,Not crowded,False,False,False,False,False,14,10,4,Friday,2026-08-07,여유
2026-08-07 14:15:00,0.0,0.0,143.26,131.24,none,none,Not crowded,False,False,False,False,False,14,15,4,Friday,2026-08-07,여유
2026-08-07 14:20:00,0.0,0.0,141.49,138.77,none,none,Not crowded,False,False,False,False,False,14,20,4,Friday,2026-08-07,여유
2026-08-07 14:25:00,0.0,0.0,130.12,131.07,none,none,Not crowded,False,False,False,False,False,14,25,4,Friday,2026-08-07,여유
2026-08-07 14:30:00,1.0,0.0,50.93,69.0,detect,detect,Normal,False,False,False,False,False,14,30,4,Friday,2026-08-07,보통
2026-08-07 14:35:00,1.0,0.0,83.19,63.06,detect,detect,Normal,False,False,False,False,False,14,35,4,Friday,2026-08-07,보통
2026-08-07 14:40:00,1.0,1.0,15.74,6.29,detect,detect,Crowded,False,False,False,False,False,14,40,4,Friday,2026-08-07,혼잡
2026-08-07 14:45:00,1.0,1.0,8.57,13.25,detect,detect,Crowded,False,False,False,False,False,14,45,4,Friday,2026-08-07,혼잡
2026-08-07 14:50:00,1.0,1.0,6.55,6.02,detect,detect,Crowded,False,False,False,False,False,14,50,4,Friday,2026-08-07,혼잡
2026-08-07 14:55:00,1.0,1.0,7.73,6.12,detect,detect,Crowded,False,False,False,False,False,14,55,4,Friday,2026-08-07,혼잡
2026-08-07 15:00:00,1.0,1.0,50.55,82.6,detect,detect,Normal,False,False,False,False,False,15,0,4,Friday,2026-08-07,보통
2026-08-07 15:05:00,1.0,1.0,76.06,66.7,detect,detect,Normal,False,False,False,False,False,15,5,4,Friday,2026-08-07,보통
2026-08-07 15:10:00,0.0,0.0,142.97,148.12,none,none,Not crowded,False,False,False,False,False,15,10,4,Friday,2026-08-07,여유
2026-08-07 15:15:00,0.0,0.0,148.89,144.9,none,none,Not crowded,False,False,False,False,False,15,15,4,Friday,2026-08-07,여유
2026-08-07 15:20:00,0.0,0.0,146.66,133.15,none,none,Not crowded,False,False,False,False,False,15,20,4,Friday,2026-08-07,여유
2026-08-07 15:25:00,0.0,0.0,146.88,139.68,none,none,Not crowded,False,False,False,False,False,15,25,4,Friday,2026-08-07,여유
2026-08-07 15:30:00,0.0,0.0,139.81,153.11,none,none,Not crowded,False,False,False,False,False,15,30,4,Friday,2026-08-07,여유
2026-08-07 15:35:00,0.0,0.0,150.03,149.36,none,none,Not crowded,False,False,False,False,False,15,35,4,Friday,2026-08-07,여유
2026-08-07 15:40:00,0.0,0.0,136.89,140.69,none,none,Not crowded,False,False,False,False,False,15,40,4,Friday,2026-08-07,여유
2026-08-07 15:45:00,0.0,0.0,144.85,130.83,none,none,Not crowded,False,False,False,False,False,15,45,4,Friday,2026-08-07,여유
2026-08-07 15:50:00,0.0,0.0,135.18,139.55,none,none,Not crowded,False,False,False,False,False,15,50,4,Friday,2026-08-07,여유
2026-08-07 15:55:00,0.0,0.0,154.96,137.73,none,none,Not crowded,False,False,False,False,False,15,55,4,Friday,2026-08-07,여유
2026-08-07 16:00:00,0.0,0.0,151.32,142.82,none,none,Not crowded,False,False,False,False,False,16,0,4,Friday,2026-08-07,여유
2026-08-07 16:05:00,0.0,0.0,140.84,138.67,none,none,Not crowded,False,False,False,False,False,16,5,4,Friday,2026-08-07,여유
2026-08-07 16:10:00,0.0,0.0,145.99,147.61,none,none,Not crowded,False,False,False,False,False,16,10,4,Friday,2026-08-07,여유
2026-08-07 16:15:00,0.0,0.0,139.98,152.84,none,none,Not crowded,False,False,False,False,False,16,15,4,Friday,2026-08-07,여유
2026-08-07 16:20:00,0.0,0.0,152.92,143.81,none,none,Not crowded,False,False,False,False,False,16,20,4,Friday,2026-08-07,여유
2026-08-07 16:25:00,0.0,0.0,136.19,140.1,none,none,Not crowded,False,False,False,False,False,16,25,4,Friday,2026-08-07,여유
2026-08-07 16:30:00,0.0,0.0,151.79,150.25,none,none,Not crowded,False,False,False,False,False,16,30,4,Friday,2026-08-07,여유
2026-08-07 16:35:00,0.0,0.0,140.81,157.82,none,none,Not crowded,False,False,False,False,False,16,35,4,Friday,2026-08-07,여유
2026-08-07 16:40:00,0.0,0.0,157.21,131.57,none,none,Not crowded,False,False,False,False,False,16,40,4,Friday,2026-08-07,여유
2026-08-07 16:45:00,0.0,0.0,134.36,159.97,none,none,Not crowded,False,False,False,False,False,16,45,4,Friday,2026-08-07,여유
2026-08-07 16:50:00,0.0,0.0,130.02,137.44,none,none,Not crowded,False,False,False,False,False,16,50,4,Friday,2026-08-07,여유
2026-08-07 16:55:00,0.0,0.0,139.91,144.54,none,none,Not crowded,False,False,False,False,False,16,55,4,Friday,2026-08-07,여유
2026-08-07 17:00:00,0.0,0.0,145.25,132.27,none,none,Not crowded,False,False,False,False,False,17,0,4,Friday,2026-08-07,여유
2026-08-07 17:05:00,0.0,0.0,133.64,157.04,none,none,Not crowded,False,False,False,False,False,17,5,4,Friday,2026-08-07,여유
2026-08-07 17:10:00,0.0,0.0,146.2,131.6,none,none,Not crowded,False,False,False,False,False,17,10,4,Friday,2026-08-07,여유
2026-08-07 17:15:00,0.0,0.0,145.07,140.29,none,none,Not crowded,False,False,False,False,False,17,15,4,Friday,2026-08-07,여유
2026-08-07 17:20:00,0.0,0.0,144.63,132.33,none,none,Not crowded,False,False,False,False,False,17,20,4,Friday,2026-08-07,여유
2026-08-07 17:25:00,0.0,0.0,153.04,154.45,none,none,Not crowded,False,False,False,False,False,17,25,4,Friday,2026-08-07,여유
2026-08-07 17:30:00,0.0,0.0,151.27,131.42,none,none,Not crowded,False,False,False,False,False,17,30,4,Friday,2026-08-07,여유
2026-08-07 17:35:00,0.0,0.0,142.61,154.7,none,none,Not crowded,False,False,False,False,False,17,35,4,Friday,2026-08-07,여유
2026-08-07 17:40:00,1.0,0.0,72.28,78.19,detect,detect,Normal,False,False,False,False,False,17,40,4,Friday,2026-08-07,보통
2026-08-07 17:45:00,1.0,1.0,54.91,56.02,detect,detect,Normal,False,False,False,False,False,17,45,4,Friday,2026-08-07,보통
2026-08-07 17:50:00,1.0,1.0,55.14,47.85,detect,detect,Normal,False,False,False,False,False,17,50,4,Friday,2026-08-07,보통
2026-08-07 17:55:00,1.0,0.0,66.47,74.52,detect,detect,Normal,False,False,False,False,False,17,55,4,Friday,2026-08-07,보통
2026-08-07 18:00:00,1.0,0.0,70.41,82.55,detect,detect,Normal,False,False,False,False,False,18,0,4,Friday,2026-08-07,보통
2026-08-07 18:05:00,1.0,1.0,71.04,64.85,detect,detect,Normal,False,False,False,False,False,18,5,4,Friday,2026-08-07,보통
2026-08-07 18:10:00,0.0,0.0,141.39,159.46,none,none,Not crowded,False,False,False,False,False,18,10,4,Friday,2026-08-07,여유
2026-08-07 18:15:00,0.0,0.0,136.03,146.95,none,none,Not crowded,False,False,False,False,False,18,15,4,Friday,2026-08-07,여유
2026-08-07 18:20:00,0.0,0.0,137.9,158.66,none,none,Not crowded,False,False,False,False,False,18,20,4,Friday,2026-08-07,여유
2026-08-07 18:25:00,0.0,0.0,138.06,150.08,none,none,Not crowded,False,False,False,False,False,18,25,4,Friday,2026-08-07,여유
2026-08-07 18:30:00,0.0,0.0,155.33,134.12,none,none,Not crowded,False,False,False,False,False,18,30,4,Friday,2026-08-07,여유
2026-08-07 18:35:00,0.0,0.0,136.43,156.71,none,none,Not crowded,False,False,False,False,False,18,35,4,Friday,2026-08-07,여유
2026-08-07 18:40:00,0.0,0.0,152.5,159.27,none,none,Not crowded,False,False,False,False,False,18,40,4,Friday,2026-08-07,여유
2026-08-07 18:45:00,0.0,0.0,143.93,154.63,none,none,Not crowded,False,False,False,False,False,18,45,4,Friday,2026-08-07,여유
2026-08-07 18:50:00,0.0,0.0,148.14,152.33,none,none,Not crowded,False,False,False,False,False,18,50,4,Friday,2026-08-07,여유
2026-08-07 18:55:00,0.0,0.0,135.36,158.76,none,none,Not crowded,False,False,False,False,False,18,55,4,Friday,2026-08-07,여유
2026-08-07 19:00:00,0.0,0.0,140.93,135.74,none,none,Not crowded,False,False,False,False,False,19,0,4,Friday,2026-08-07,여유
2026-08-07 19:05:00,0.0,0.0,138.7,154.32,none,none,Not crowded,False,False,False,False,False,19,5,4,Friday,2026-08-07,여유
2026-08-07 19:10:00,0.0,0.0,135.97,131.99,none,none,Not crowded,False,False,False,False,False,19,10,4,Friday,2026-08-07,여유
2026-08-07 19:15:00,0.0,0.0,135.26,149.59,none,none,Not crowded,False,False,False,False,False,19,15,4,Friday,2026-08-07,여유
2026-08-07 19:20:00,0.0,0.0,134.03,146.0,none,none,Not crowded,False,False,False,False,False,19,20,4,Friday,2026-08-07,여유
2026-08-07 19:25:00,0.0,0.0,143.71,137.31,none,none,Not crowded,False,False,False,False,False,19,25,4,Friday,2026-08-07,여유
2026-08-07 19:30:00,0.0,0.0,157.26,147.67,none,none,Not crowded,False,False,False,False,False,19,30,4,Friday,2026-08-07,여유
2026-08-07 19:35:00,0.0,0.0,148.91,154.46,none,none,Not crowded,False,False,False,False,False,19,35,4,Friday,2026-08-07,여유
2026-08-07 19:40:00,0.0,0.0,140.47,157.54,none,none,Not crowded,False,False,False,False,False,19,40,4,Friday,2026-08-07,여유
2026-08-07 19:45:00,0.0,0.0,151.66,151.89,none,none,Not crowded,False,False,False,False,False,19,45,4,Friday,2026-08-07,여유
2026-08-07 19:50:00,0.0,0.0,149.52,136.86,none,none,Not crowded,False,False,False,False,False,19,50,4,Friday,2026-08-07,여유
2026-08-07 19:55:00,0.0,0.0,144.69,152.76,none,none,Not crowded,False,False,False,False,False,19,55,4,Friday,2026-08-07,여유
2026-08-07 20:00:00,0.0,0.0,136.27,138.41,none,none,Not crowded,False,False,False,False,False,20,0,4,Friday,2026-08-07,여유
2026-08-07 20:05:00,0.0,0.0,131.02,151.92,none,none,Not crowded,False,False,False,False,False,20,5,4,Friday,2026-08-07,여유
2026-08-07 20:10:00,0.0,0.0,142.66,156.26,none,none,Not crowded,False,False,False,False,False,20,10,4,Friday,2026-08-07,여유
2026-08-07 20:15:00,0.0,0.0,145.08,154.66,none,none,Not crowded,False,False,False,False,False,20,15,4,Friday,2026-08-07,여유
2026-08-07 20:20:00,0.0,0.0,132.4,144.28,none,none,Not crowded,False,False,False,False,False,20,20,4,Friday,2026-08-07,여유
2026-08-07 20:25:00,0.0,0.0,131.22,147.54,none,none,Not crowded,False,False,False,False,False,20,25,4,Friday,2026-08-07,여유
2026-08-07 20:30:00,0.0,0.0,148.34,138.12,none,none,Not crowded,False,False,False,False,False,20,30,4,Friday,2026-08-07,여유
2026-08-07 20:35:00,0.0,0.0,147.52,139.25,none,none,Not crowded,False,False,False,False,False,20,35,4,Friday,2026-08-07,여유
2026-08-07 20:40:00,0.0,0.0,155.45,155.37,none,none,Not crowded,False,False,False,False,False,20,40,4,Friday,2026-08-07,여유
2026-08-07 20:45:00,0.0,0.0,149.33,135.39,none,none,Not crowded,False,False,False,False,False,20,45,4,Friday,2026-08-07,여유
2026-08-07 20:50:00,0.0,0.0,133.46,133.82,none,none,Not crowded,False,False,False,False,False,20,50,4,Friday,2026-08-07,여유
2026-08-07 20:55:00,0.0,0.0,144.95,134.68,none,none,Not crowded,False,False,False,False,False,20,55,4,Friday,2026-08-07,여유
2026-08-07 21:00:00,0.0,0.0,137.56,136.38,none,none,Not crowded,False,False,False,False,False,21,0,4,Friday,2026-08-07,여유
2026-08-07 21:05:00,0.0,0.0,136.86,141.98,none,none,Not crowded,False,False,False,False,False,21,5,4,Friday,2026-08-07,여유
2026-08-07 21:10:00,0.0,0.0,146.54,137.57,none,none,Not crowded,False,False,False,False,False,21,10,4,Friday,2026-08-07,여유
2026-08-07 21:15:00,0.0,0.0,140.79,140.0,none,none,Not crowded,False,False,False,False,False,21,15,4,Friday,2026-08-07,여유
2026-08-07 21:20:00,0.0,0.0,145.12,141.82,none,none,Not crowded,False,False,False,False,False,21,20,4,Friday,2026-08-07,여유
2026-08-07 21:25:00,0.0,0.0,146.19,143.02,none,none,Not crowded,False,False,False,False,False,21,25,4,Friday,2026-08-07,여유
2026-08-07 21:30:00,0.0,0.0,135.07,130.38,none,none,Not crowded,False,False,False,False,False,21,30,4,Friday,2026-08-07,여유
2026-08-07 21:35:00,0.0,0.0,131.78,142.96,none,none,Not crowded,False,False,False,False,False,21,35,4,Friday,2026-08-07,여유
2026-08-07 21:40:00,0.0,0.0,157.0,133.43,none,none,Not crowded,False,False,False,False,False,21,40,4,Friday,2026-08-07,여유
2026-08-07 21:45:00,0.0,0.0,147.29,149.09,none,none,Not crowded,False,False,False,False,False,21,45,4,Friday,2026-08-07,여유
2026-08-07 21:50:00,0.0,0.0,144.41,130.25,none,none,Not crowded,False,False,False,False,False,21,50,4,Friday,2026-08-07,여유
2026-08-07 21:55:00,0.0,0.0,151.28,157.64,none,none,Not crowded,False,False,False,False,False,21,55,4,Friday,2026-08-07,여유
2026-08-07 22:00:00,0.0,0.0,135.76,153.97,none,none,Not crowded,False,False,False,False,False,22,0,4,Friday,2026-08-07,여유
2026-08-07 22:05:00,0.0,0.0,137.91,144.95,none,none,Not crowded,False,False,False,False,False,22,5,4,Friday,2026-08-07,여유
2026-08-07 22:10:00,0.0,0.0,143.25,136.33,none,none,Not crowded,False,False,False,False,False,22,10,4,Friday,2026-08-07,여유
2026-08-07 22:15:00,0.0,0.0,144.31,159.13,none,none,Not crowded,False,False,False,False,False,22,15,4,Friday,2026-08-07,여유
2026-08-07 22:20:00,0.0,0.0,156.92,138.51,none,none,Not crowded,False,False,False,False,False,22,20,4,Friday,2026-08-07,여유
2026-08-07 22:25:00,0.0,0.0,158.88,158.71,none,none,Not crowded,False,False,False,False,False,22,25,4,Friday,2026-08-07,여유
2026-08-07 22:30:00,0.0,0.0,135.54,144.07,none,none,Not crowded,False,False,False,False,False,22,30,4,Friday,2026-08-07,여유
2026-08-07 22:35:00,0.0,0.0,155.5,133.19,none,none,Not crowded,False,False,False,False,False,22,35,4,Friday,2026-08-07,여유
2026-08-07 22:40:00,0.0,0.0,150.31,148.51,none,none,Not crowded,False,False,False,False,False,22,40,4,Friday,2026-08-07,여유
2026-08-07 22:45:00,0.0,0.0,143.39,136.09,none,none,Not crowded,False,False,False,False,False,22,45,4,Friday,2026-08-07,여유
2026-08-07 22:50:00,0.0,0.0,140.82,143.65,none,none,Not crowded,False,False,False,False,False,22,50,4,Friday,2026-08-07,여유
2026-08-07 22:55:00,0.0,0.0,132.29,135.07,none,none,Not crowded,False,False,False,False,False,22,55,4,Friday,2026-08-07,여유
2026-08-07 23:00:00,0.0,0.0,137.03,148.81,none,none,Not crowded,False,False,False,False,False,23,0,4,Friday,2026-08-07,여유
2026-08-07 23:05:00,0.0,0.0,141.95,141.86,none,none,Not crowded,False,False,False,False,False,23,5,4,Friday,2026-08-07,여유
2026-08-07 23:10:00,0.0,0.0,142.56,145.13,none,none,Not crowded,False,False,False,False,False,23,10,4,Friday,2026-08-07,여유
2026-08-07 23:15:00,0.0,0.0,131.38,150.58,none,none,Not crowded,False,False,False,False,False,23,15,4,Friday,2026-08-07,여유
2026-08-07 23:20:00,0.0,0.0,155.79,148.98,none,none,Not crowded,False,False,False,False,False,23,20,4,Friday,2026-08-07,여유
2026-08-07 23:25:00,0.0,0.0,139.23,157.35,none,none,Not crowded,False,False,False,False,False,23,25,4,Friday,2026-08-07,여유
2026-08-07 23:30:00,0.0,0.0,158.88,134.86,none,none,Not crowded,False,False,False,False,False,23,30,4,Friday,2026-08-07,여유
2026-08-07 23:35:00,0.0,0.0,152.41,136.74,none,none,Not crowded,False,False,False,False,False,23,35,4,Friday,2026-08-07,여유
2026-08-07 23:40:00,0.0,0.0,146.88,154.02,none,none,Not crowded,False,False,False,False,False,23,40,4,Friday,2026-08-07,여유
2026-08-07 23:45:00,0.0,0.0,149.35,139.46,none,none,Not crowded,False,False,False,False,False,23,45,4,Friday,2026-08-07,여유
2026-08-07 23:50:00,0.0,0.0,157.25,150.0,none,none,Not crowded,False,False,False,False,False,23,50,4,Friday,2026-08-07,여유
2026-08-07 23:55:00,0.0,0.0,157.93,154.37,none,none,Not crowded,False,False,False,False,False,23,55,4,Friday,2026-08-07,여유
2026-08-08 00:00:00,0.0,0.0,146.64,145.84,none,none,Not crowded,False,False,False,False,False,0,0,5,Saturday,2026-08-08,여유
2026-08-08 00:05:00,0.0,0.0,156.09,138.15,none,none,Not crowded,False,False,False,False,False,0,5,5,Saturday,2026-08-08,여유
2026-08-08 00:10:00,0.0,0.0,131.27,156.82,none,none,Not crowded,False,False,False,False,False,0,10,5,Saturday,2026-08-08,여유
2026-08-08 00:15:00,0.0,0.0,139.65,153.28,none,none,Not crowded,False,False,False,False,False,0,15,5,Saturday,2026-08-08,여유
2026-08-08 00:20:00,0.0,0.0,140.01,140.69,none,none,Not crowded,False,False,False,False,False,0,20,5,Saturday,2026-08-08,여유
2026-08-08 00:25:00,0.0,0.0,155.14,135.02,none,none,Not crowded,False,False,False,False,False,0,25,5,Saturday,2026-08-08,여유
2026-08-08 00:30:00,0.0,0.0,149.69,159.25,none,none,Not crowded,False,False,False,False,False,0,30,5,Saturday,2026-08-08,여유
2026-08-08 00:35:00,0.0,0.0,131.6,135.79,none,none,Not crowded,False,False,False,False,False,0,35,5,Saturday,2026-08-08,여유
2026-08-08 00:40:00,0.0,0.0,158.19,153.14,none,none,Not crowded,False,False,False,False,False,0,40,5,Saturday,2026-08-08,여유
2026-08-08 00:45:00,0.0,0.0,140.0,149.29,none,none,Not crowded,False,False,False,False,False,0,45,5,Saturday,2026-08-08,여유
2026-08-08 00:50:00,0.0,0.0,158.63,158.16,none,none,Not crowded,False,False,False,False,False,0,50,5,Saturday,2026-08-08,여유
2026-08-08 00:55:00,0.0,0.0,143.96,130.29,none,none,Not crowded,False,False,False,False,False,0,55,5,Saturday,2026-08-08,여유
2026-08-08 01:00:00,0.0,0.0,154.98,140.4,none,none,Not crowded,False,False,False,False,False,1,0,5,Saturday,2026-08-08,여유
2026-08-08 01:05:00,0.0,0.0,143.77,156.27,none,none,Not crowded,False,False,False,False,False,1,5,5,Saturday,2026-08-08,여유
2026-08-08 01:10:00,0.0,0.0,159.37,138.31,none,none,Not crowded,False,False,False,False,False,1,10,5,Saturday,2026-08-08,여유
2026-08-08 01:15:00,0.0,0.0,153.22,147.76,none,none,Not crowded,False,False,False,False,False,1,15,5,Saturday,2026-08-08,여유
2026-08-08 01:20:00,0.0,0.0,155.52,141.51,none,none,Not crowded,False,False,False,False,False,1,20,5,Saturday,2026-08-08,여유
2026-08-08 01:25:00,0.0,0.0,137.18,152.39,none,none,Not crowded,False,False,False,False,False,1,25,5,Saturday,2026-08-08,여유
